Rk,Player,Age,Team,Pos,G,GS,MP,FG,FGA,FG%,3P,3PA,3P%,2P,2PA,2P%,eFG%,FT,FTA,FT%,ORB,DRB,TRB,AST,STL,BLK,TOV,PF,PTS,Trp-Dbl,Awards,Player-additional
1.0,Shai Gilgeous-Alexander,27.0,Oklahoma City Thunder,PG,49.0,49.0,1632.0,534.0,964.0,0.554,87.0,223.0,0.39,447.0,741.0,0.603,0.599,403.0,452.0,0.892,27.0,191.0,218.0,314.0,64.0,38.0,103.0,101.0,1558.0,0.0,,gilgesh01
2.0,Tyrese Maxey,25.0,Philadelphia 76ers,PG,48.0,48.0,1866.0,486.0,1032.0,0.471,165.0,423.0,0.39,321.0,609.0,0.527,0.551,249.0,280.0,0.889,14.0,188.0,202.0,326.0,95.0,40.0,114.0,103.0,1386.0,0.0,,maxeyty01
3.0,Donovan Mitchell,29.0,Cleveland Cavaliers,SG,48.0,48.0,1622.0,481.0,994.0,0.484,178.0,467.0,0.381,303.0,527.0,0.575,0.573,241.0,285.0,0.846,39.0,184.0,223.0,283.0,73.0,11.0,149.0,116.0,1381.0,0.0,,mitchdo01
4.0,Luka Doncic,26.0,Los Angeles Lakers,PG,41.0,41.0,1476.0,434.0,913.0,0.475,149.0,428.0,0.348,285.0,485.0,0.588,0.557,352.0,452.0,0.779,32.0,293.0,325.0,358.0,61.0,19.0,174.0,102.0,1369.0,6.0,,doncilu01
5.0,Jaylen Brown,29.0,Boston Celtics,SF,46.0,46.0,1580.0,503.0,1035.0,0.486,99.0,273.0,0.363,404.0,762.0,0.53,0.534,251.0,324.0,0.775,56.0,267.0,323.0,219.0,48.0,18.0,165.0,130.0,1356.0,2.0,,brownja02
6.0,Jalen Brunson,29.0,New York Knicks,PG,46.0,46.0,1592.0,447.0,946.0,0.473,136.0,357.0,0.381,311.0,589.0,0.528,0.544,230.0,270.0,0.852,22.0,128.0,150.0,281.0,33.0,5.0,104.0,109.0,1260.0,0.0,,brunsja01
7.0,Anthony Edwards,24.0,Minnesota Timberwolves,SG,42.0,42.0,1489.0,429.0,869.0,0.494,141.0,352.0,0.401,288.0,517.0,0.557,0.575,247.0,312.0,0.792,25.0,196.0,221.0,157.0,56.0,34.0,112.0,77.0,1246.0,0.0,,edwaran01
8.0,Jamal Murray,28.0,Denver Nuggets,PG,47.0,47.0,1681.0,430.0,885.0,0.486,152.0,352.0,0.432,278.0,533.0,0.522,0.572,206.0,234.0,0.88,19.0,183.0,202.0,351.0,47.0,18.0,109.0,72.0,1218.0,0.0,,murraja01
9.0,Kevin Durant,37.0,Houston Rockets,SF,46.0,46.0,1689.0,420.0,826.0,0.508,105.0,263.0,0.399,315.0,563.0,0.56,0.572,248.0,279.0,0.889,22.0,227.0,249.0,208.0,34.0,42.0,138.0,96.0,1193.0,0.0,,duranke01
10.0,Julius Randle,31.0,Minnesota Timberwolves,PF,52.0,52.0,1740.0,401.0,821.0,0.488,81.0,246.0,0.329,320.0,575.0,0.557,0.538,268.0,327.0,0.82,85.0,271.0,356.0,281.0,59.0,12.0,136.0,145.0,1151.0,2.0,,randlju01
11.0,Pascal Siakam,31.0,Indiana Pacers,PF,48.0,48.0,1629.0,430.0,887.0,0.485,88.0,231.0,0.381,342.0,656.0,0.521,0.534,196.0,284.0,0.69,77.0,250.0,327.0,191.0,53.0,22.0,106.0,122.0,1144.0,0.0,,siakapa01
12.0,Keyonte George,22.0,Utah Jazz,PG,47.0,47.0,1615.0,357.0,777.0,0.459,120.0,318.0,0.377,237.0,459.0,0.516,0.537,302.0,338.0,0.893,23.0,163.0,186.0,312.0,51.0,14.0,157.0,111.0,1136.0,0.0,,georgke01
13.0,Deni Avdija,25.0,Portland Trail Blazers,SF,44.0,44.0,1523.0,343.0,735.0,0.467,100.0,281.0,0.356,243.0,454.0,0.535,0.535,335.0,419.0,0.8,48.0,267.0,315.0,294.0,35.0,27.0,172.0,117.0,1121.0,3.0,,avdijde01
14.0,James Harden,36.0,Los Angeles Clippers,PG,44.0,44.0,1559.0,323.0,771.0,0.419,135.0,389.0,0.347,188.0,382.0,0.492,0.506,337.0,374.0,0.901,27.0,185.0,212.0,358.0,57.0,16.0,162.0,83.0,1118.0,2.0,,hardeja01
15.0,Brandon Ingram,28.0,Toronto Raptors,SF,50.0,50.0,1707.0,408.0,869.0,0.47,90.0,249.0,0.361,318.0,620.0,0.513,0.521,191.0,229.0,0.834,42.0,251.0,293.0,185.0,41.0,39.0,126.0,97.0,1097.0,0.0,,ingrabr01
16.0,Jalen Johnson,24.0,Atlanta Hawks,SF,47.0,47.0,1672.0,406.0,809.0,0.502,80.0,221.0,0.362,326.0,588.0,0.554,0.551,200.0,258.0,0.775,73.0,421.0,494.0,377.0,59.0,22.0,163.0,98.0,1092.0,9.0,,johnsja05
17.0,Cade Cunningham,24.0,Detroit Pistons,PG,43.0,43.0,1514.0,381.0,828.0,0.46,81.0,250.0,0.324,300.0,578.0,0.519,0.509,246.0,304.0,0.809,41.0,195.0,236.0,421.0,65.0,37.0,161.0,138.0,1089.0,3.0,,cunnica01
18.0,Trey Murphy III,25.0,New Orleans Pelicans,SF,49.0,49.0,1760.0,380.0,803.0,0.473,155.0,416.0,0.373,225.0,387.0,0.581,0.57,168.0,188.0,0.894,53.0,232.0,285.0,181.0,77.0,15.0,91.0,102.0,1083.0,0.0,,murphtr02
19.0,Stephen Curry,37.0,Golden State Warriors,PG,39.0,39.0,1222.0,348.0,744.0,0.468,175.0,448.0,0.391,173.0,296.0,0.584,0.585,190.0,204.0,0.931,16.0,122.0,138.0,189.0,44.0,16.0,111.0,74.0,1061.0,0.0,,curryst01
20.0,Nikola Jokic,30.0,Denver Nuggets,C,36.0,36.0,1237.0,372.0,626.0,0.594,74.0,177.0,0.418,298.0,449.0,0.664,0.653,231.0,274.0,0.843,112.0,325.0,437.0,378.0,50.0,26.0,125.0,101.0,1049.0,17.0,,jokicni01
21.0,Devin Booker,29.0,Phoenix Suns,SG,41.0,41.0,1394.0,344.0,754.0,0.456,70.0,224.0,0.313,274.0,530.0,0.517,0.503,285.0,330.0,0.864,34.0,131.0,165.0,255.0,37.0,12.0,136.0,108.0,1043.0,0.0,,bookede01
22.0,Shaedon Sharpe,22.0,Portland Trail Blazers,SG,47.0,41.0,1425.0,386.0,845.0,0.457,101.0,296.0,0.341,285.0,549.0,0.519,0.517,150.0,192.0,0.781,48.0,162.0,210.0,124.0,68.0,6.0,143.0,95.0,1023.0,0.0,,sharpsh01
23.0,Kawhi Leonard,34.0,Los Angeles Clippers,SF,37.0,37.0,1211.0,358.0,720.0,0.497,101.0,259.0,0.39,257.0,461.0,0.557,0.567,203.0,222.0,0.914,37.0,190.0,227.0,135.0,75.0,21.0,79.0,48.0,1020.0,0.0,,leonaka01
24.0,Nickeil Alexander-Walker,27.0,Atlanta Hawks,SG,50.0,43.0,1648.0,345.0,788.0,0.438,157.0,413.0,0.38,188.0,375.0,0.501,0.537,168.0,192.0,0.875,29.0,147.0,176.0,176.0,57.0,30.0,100.0,105.0,1015.0,0.0,,alexani01
25.0,Lauri Markkanen,28.0,Utah Jazz,PF,37.0,37.0,1315.0,344.0,721.0,0.477,104.0,291.0,0.357,240.0,430.0,0.558,0.549,221.0,249.0,0.888,72.0,187.0,259.0,81.0,38.0,20.0,56.0,68.0,1013.0,0.0,,markkla01
26.0,DeMar DeRozan,36.0,Sacramento Kings,PF,52.0,52.0,1714.0,355.0,700.0,0.507,38.0,111.0,0.342,317.0,589.0,0.538,0.534,253.0,293.0,0.863,25.0,141.0,166.0,205.0,63.0,12.0,61.0,109.0,1001.0,0.0,,derozde01
27.0,Michael Porter Jr.,27.0,Brooklyn Nets,SF,39.0,39.0,1290.0,352.0,734.0,0.48,145.0,373.0,0.389,207.0,361.0,0.573,0.578,144.0,170.0,0.847,51.0,235.0,286.0,125.0,41.0,10.0,97.0,83.0,993.0,0.0,,portemi01
28.0,Norman Powell,32.0,Miami Heat,SG,43.0,43.0,1319.0,331.0,701.0,0.472,122.0,311.0,0.392,209.0,390.0,0.536,0.559,205.0,243.0,0.844,15.0,142.0,157.0,112.0,50.0,10.0,85.0,95.0,989.0,0.0,,powelno01
29.0,Scottie Barnes,24.0,Toronto Raptors,PF,51.0,51.0,1761.0,383.0,762.0,0.503,48.0,157.0,0.306,335.0,605.0,0.554,0.534,174.0,214.0,0.813,110.0,317.0,427.0,285.0,65.0,79.0,138.0,145.0,988.0,2.0,,barnesc01
30.0,Karl-Anthony Towns,30.0,New York Knicks,C,48.0,48.0,1510.0,314.0,675.0,0.465,78.0,219.0,0.356,236.0,456.0,0.518,0.523,250.0,293.0,0.853,148.0,424.0,572.0,139.0,42.0,30.0,119.0,168.0,956.0,0.0,,townska01
31.0,Dillon Brooks,30.0,Phoenix Suns,SF,45.0,45.0,1396.0,340.0,772.0,0.44,110.0,307.0,0.358,230.0,465.0,0.495,0.512,151.0,176.0,0.858,32.0,131.0,163.0,80.0,48.0,8.0,82.0,152.0,941.0,0.0,,brookdi01
32.0,Desmond Bane,27.0,Orlando Magic,SG,49.0,49.0,1664.0,344.0,741.0,0.464,89.0,246.0,0.362,255.0,495.0,0.515,0.524,162.0,173.0,0.936,63.0,148.0,211.0,209.0,41.0,26.0,105.0,152.0,939.0,0.0,,banede01
33.0,Kon Knueppel,20.0,Charlotte Hornets,SF,50.0,49.0,1602.0,323.0,670.0,0.482,166.0,391.0,0.425,157.0,279.0,0.563,0.606,124.0,139.0,0.892,59.0,215.0,274.0,179.0,35.0,10.0,108.0,108.0,936.0,0.0,,knuepko01
34.0,Cooper Flagg,19.0,Dallas Mavericks,SF,46.0,46.0,1569.0,354.0,731.0,0.484,48.0,163.0,0.294,306.0,568.0,0.539,0.517,170.0,212.0,0.802,53.0,253.0,306.0,192.0,55.0,36.0,100.0,103.0,926.0,0.0,,flaggco01
35.0,Miles Bridges,27.0,Charlotte Hornets,PF,50.0,50.0,1621.0,326.0,730.0,0.447,108.0,327.0,0.33,218.0,403.0,0.541,0.521,153.0,183.0,0.836,49.0,257.0,306.0,174.0,25.0,26.0,72.0,94.0,913.0,0.0,,bridgmi02
36.0,Alperen Sengun,23.0,Houston Rockets,C,42.0,42.0,1430.0,345.0,691.0,0.499,24.0,82.0,0.293,321.0,609.0,0.527,0.517,176.0,255.0,0.69,134.0,260.0,394.0,262.0,59.0,40.0,138.0,136.0,890.0,1.0,,sengual01
37.0,CJ McCollum,34.0,Atlanta Hawks,PG,47.0,36.0,1412.0,328.0,716.0,0.458,124.0,319.0,0.389,204.0,397.0,0.514,0.545,102.0,133.0,0.767,32.0,134.0,166.0,166.0,33.0,15.0,79.0,93.0,882.0,0.0,,mccolcj01
37.0,CJ McCollum,34.0,Atlanta Hawks,SG,35.0,35.0,1082.0,240.0,529.0,0.454,96.0,244.0,0.393,144.0,285.0,0.505,0.544,82.0,102.0,0.804,23.0,101.0,124.0,126.0,24.0,9.0,58.0,73.0,658.0,0.0,,mccolcj01
37.0,CJ McCollum,34.0,Atlanta Hawks,PG,12.0,1.0,330.0,88.0,187.0,0.471,28.0,75.0,0.373,60.0,112.0,0.536,0.545,20.0,31.0,0.645,9.0,33.0,42.0,40.0,9.0,6.0,21.0,20.0,224.0,0.0,,mccolcj01
38.0,Amen Thompson,23.0,Houston Rockets,PG,49.0,49.0,1826.0,339.0,674.0,0.503,17.0,85.0,0.2,322.0,589.0,0.547,0.516,186.0,238.0,0.782,141.0,236.0,377.0,268.0,71.0,30.0,121.0,110.0,881.0,0.0,,thompam01
39.0,Victor Wembanyama,22.0,San Antonio Spurs,C,36.0,27.0,1041.0,298.0,589.0,0.506,61.0,171.0,0.357,237.0,418.0,0.567,0.558,208.0,256.0,0.813,71.0,329.0,400.0,97.0,33.0,97.0,97.0,99.0,865.0,1.0,,wembavi01
40.0,Jaren Jackson Jr.,26.0,Memphis Grizzlies,C,45.0,45.0,1382.0,318.0,670.0,0.475,79.0,220.0,0.359,239.0,450.0,0.531,0.534,149.0,187.0,0.797,41.0,218.0,259.0,86.0,47.0,68.0,100.0,170.0,864.0,0.0,,jacksja02
41.0,Payton Pritchard,28.0,Boston Celtics,PG,50.0,48.0,1632.0,323.0,702.0,0.46,128.0,362.0,0.354,195.0,340.0,0.574,0.551,83.0,97.0,0.856,45.0,168.0,213.0,267.0,36.0,5.0,55.0,71.0,857.0,0.0,,pritcpa01
42.0,Derrick White,31.0,Boston Celtics,SG,49.0,49.0,1676.0,294.0,753.0,0.39,140.0,433.0,0.323,154.0,320.0,0.481,0.483,119.0,133.0,0.895,51.0,169.0,220.0,272.0,59.0,67.0,93.0,82.0,847.0,0.0,,whitede01
43.0,Paolo Banchero,23.0,Orlando Magic,PF,39.0,39.0,1340.0,282.0,614.0,0.459,43.0,143.0,0.301,239.0,471.0,0.507,0.494,236.0,308.0,0.766,46.0,291.0,337.0,189.0,27.0,24.0,110.0,79.0,843.0,2.0,,banchpa01
44.0,Giannis Antetokounmpo,31.0,Milwaukee Bucks,PF,30.0,30.0,876.0,314.0,487.0,0.645,15.0,38.0,0.395,299.0,449.0,0.666,0.66,196.0,298.0,0.658,84.0,217.0,301.0,168.0,27.0,22.0,100.0,78.0,839.0,0.0,,antetgi01
45.0,Immanuel Quickley,26.0,Toronto Raptors,PG,49.0,49.0,1594.0,288.0,650.0,0.443,129.0,340.0,0.379,159.0,310.0,0.513,0.542,125.0,156.0,0.801,28.0,191.0,219.0,299.0,62.0,5.0,83.0,104.0,830.0,0.0,,quickim01
46.0,Ryan Rollins,23.0,Milwaukee Bucks,PG,49.0,44.0,1566.0,315.0,677.0,0.465,116.0,286.0,0.406,199.0,391.0,0.509,0.551,78.0,103.0,0.757,42.0,183.0,225.0,271.0,73.0,20.0,112.0,132.0,824.0,0.0,,rolliry01
47.0,Nikola Vucevic,35.0,Chicago Bulls,C,48.0,48.0,1480.0,333.0,660.0,0.505,82.0,218.0,0.376,251.0,442.0,0.568,0.567,62.0,74.0,0.838,100.0,331.0,431.0,181.0,32.0,31.0,69.0,97.0,810.0,0.0,,vucevni01
48.0,De'Aaron Fox,28.0,San Antonio Spurs,PG,41.0,41.0,1334.0,298.0,622.0,0.479,83.0,238.0,0.349,215.0,384.0,0.56,0.546,128.0,162.0,0.79,25.0,141.0,166.0,256.0,52.0,12.0,102.0,92.0,807.0,0.0,,foxde01
49.0,Mikal Bridges,29.0,New York Knicks,SF,51.0,51.0,1765.0,320.0,638.0,0.502,111.0,285.0,0.389,209.0,353.0,0.592,0.589,48.0,59.0,0.814,57.0,157.0,214.0,212.0,76.0,43.0,52.0,99.0,799.0,0.0,,bridgmi01
50.0,Bam Adebayo,28.0,Miami Heat,C,44.0,44.0,1369.0,284.0,640.0,0.444,71.0,205.0,0.346,213.0,435.0,0.49,0.499,158.0,199.0,0.794,93.0,342.0,435.0,121.0,43.0,30.0,80.0,71.0,797.0,0.0,,adebaba01
51.0,Chet Holmgren,23.0,Oklahoma City Thunder,PF,45.0,45.0,1316.0,299.0,528.0,0.566,59.0,165.0,0.358,240.0,363.0,0.661,0.622,139.0,180.0,0.772,81.0,304.0,385.0,72.0,24.0,91.0,72.0,113.0,796.0,0.0,,holmgch01
52.0,Zion Williamson,25.0,New Orleans Pelicans,PF,37.0,30.0,1095.0,290.0,505.0,0.574,0.0,3.0,0.0,290.0,502.0,0.578,0.574,212.0,300.0,0.707,85.0,146.0,231.0,130.0,38.0,24.0,83.0,89.0,792.0,0.0,,willizi01
53.0,LaMelo Ball,24.0,Charlotte Hornets,PG,41.0,38.0,1125.0,276.0,680.0,0.406,137.0,377.0,0.363,139.0,303.0,0.459,0.507,95.0,107.0,0.888,35.0,166.0,201.0,309.0,47.0,10.0,127.0,105.0,784.0,1.0,,ballla01
54.0,Anthony Black,22.0,Orlando Magic,PG,49.0,29.0,1525.0,279.0,611.0,0.457,81.0,234.0,0.346,198.0,377.0,0.525,0.523,135.0,182.0,0.742,37.0,164.0,201.0,198.0,66.0,35.0,111.0,135.0,774.0,0.0,,blackan01
55.0,Onyeka Okongwu,25.0,Atlanta Hawks,C,47.0,36.0,1503.0,285.0,591.0,0.482,94.0,256.0,0.367,191.0,335.0,0.57,0.562,100.0,128.0,0.781,90.0,281.0,371.0,157.0,56.0,45.0,93.0,164.0,764.0,0.0,,okongon01
56.0,Matas Buzelis,21.0,Chicago Bulls,PF,51.0,51.0,1437.0,274.0,579.0,0.473,101.0,276.0,0.366,173.0,303.0,0.571,0.56,113.0,146.0,0.774,56.0,214.0,270.0,103.0,33.0,74.0,92.0,126.0,762.0,0.0,,buzelma01
57.0,Jaden McDaniels,25.0,Minnesota Timberwolves,PF,50.0,50.0,1616.0,289.0,554.0,0.522,79.0,174.0,0.454,210.0,380.0,0.553,0.593,105.0,123.0,0.854,57.0,160.0,217.0,144.0,48.0,48.0,87.0,168.0,762.0,0.0,,mcdanja02
58.0,Jimmy Butler,36.0,Golden State Warriors,SF,38.0,38.0,1182.0,240.0,462.0,0.519,32.0,85.0,0.376,208.0,377.0,0.552,0.554,248.0,287.0,0.864,88.0,123.0,211.0,185.0,55.0,8.0,60.0,46.0,760.0,0.0,,butleji01
59.0,Naz Reid,26.0,Minnesota Timberwolves,C,52.0,2.0,1374.0,284.0,601.0,0.473,132.0,333.0,0.396,152.0,268.0,0.567,0.582,60.0,80.0,0.75,62.0,272.0,334.0,129.0,52.0,48.0,84.0,132.0,760.0,0.0,,reidna01
60.0,Jalen Duren,22.0,Detroit Pistons,C,42.0,42.0,1185.0,296.0,467.0,0.634,0.0,0.0,,296.0,467.0,0.634,0.634,166.0,227.0,0.731,160.0,290.0,450.0,75.0,39.0,34.0,80.0,122.0,758.0,0.0,,durenja01
61.0,Joel Embiid,31.0,Philadelphia 76ers,C,29.0,29.0,900.0,256.0,525.0,0.488,34.0,113.0,0.301,222.0,412.0,0.539,0.52,211.0,247.0,0.854,63.0,153.0,216.0,111.0,19.0,31.0,87.0,62.0,757.0,1.0,,embiijo01
62.0,Saddiq Bey,26.0,New Orleans Pelicans,SF,46.0,38.0,1398.0,259.0,578.0,0.448,85.0,243.0,0.35,174.0,335.0,0.519,0.522,152.0,181.0,0.84,77.0,188.0,265.0,111.0,44.0,2.0,29.0,52.0,755.0,0.0,,beysa01
63.0,Evan Mobley,24.0,Cleveland Cavaliers,PF,42.0,40.0,1402.0,291.0,568.0,0.512,48.0,158.0,0.304,243.0,410.0,0.593,0.555,122.0,192.0,0.635,97.0,271.0,368.0,170.0,38.0,82.0,88.0,106.0,752.0,0.0,,mobleev01
64.0,Russell Westbrook,37.0,Sacramento Kings,SF,49.0,43.0,1449.0,277.0,644.0,0.43,101.0,290.0,0.348,176.0,354.0,0.497,0.509,97.0,138.0,0.703,70.0,216.0,286.0,326.0,68.0,8.0,166.0,124.0,752.0,4.0,,westbru01
65.0,Zach LaVine,30.0,Sacramento Kings,SG,38.0,36.0,1206.0,260.0,541.0,0.481,99.0,251.0,0.394,161.0,290.0,0.555,0.572,123.0,140.0,0.879,8.0,98.0,106.0,85.0,27.0,9.0,74.0,80.0,742.0,0.0,,lavinza01
66.0,Andrew Wiggins,30.0,Miami Heat,SF,47.0,47.0,1466.0,282.0,603.0,0.468,86.0,224.0,0.384,196.0,379.0,0.517,0.539,84.0,106.0,0.792,82.0,147.0,229.0,134.0,56.0,46.0,83.0,108.0,734.0,0.0,,wiggian01
67.0,Peyton Watson,23.0,Denver Nuggets,SF,49.0,39.0,1502.0,264.0,532.0,0.496,75.0,180.0,0.417,189.0,352.0,0.537,0.567,128.0,176.0,0.727,45.0,195.0,240.0,96.0,50.0,58.0,86.0,121.0,731.0,0.0,,watsope01
68.0,Jaime Jaquez Jr.,24.0,Miami Heat,SF,47.0,1.0,1353.0,297.0,572.0,0.519,25.0,87.0,0.287,272.0,485.0,0.561,0.541,111.0,148.0,0.75,61.0,193.0,254.0,219.0,38.0,10.0,104.0,95.0,730.0,0.0,,jaqueja01
69.0,Jabari Smith Jr.,22.0,Houston Rockets,PF,48.0,48.0,1674.0,261.0,603.0,0.433,107.0,301.0,0.355,154.0,302.0,0.51,0.522,94.0,123.0,0.764,75.0,253.0,328.0,91.0,38.0,46.0,64.0,126.0,723.0,0.0,,smithja05
70.0,Naji Marshall,28.0,Dallas Mavericks,SF,49.0,26.0,1438.0,261.0,493.0,0.529,42.0,140.0,0.3,219.0,353.0,0.62,0.572,146.0,189.0,0.772,45.0,201.0,246.0,144.0,49.0,5.0,67.0,97.0,710.0,0.0,,marshna01
71.0,Tim Hardaway Jr.,33.0,Denver Nuggets,SG,51.0,5.0,1401.0,229.0,514.0,0.446,145.0,357.0,0.406,84.0,157.0,0.535,0.587,104.0,117.0,0.889,10.0,125.0,135.0,70.0,27.0,8.0,24.0,63.0,707.0,0.0,,hardati02
72.0,Jeremiah Fears,19.0,New Orleans Pelicans,PG,53.0,44.0,1346.0,267.0,619.0,0.431,56.0,170.0,0.329,211.0,449.0,0.47,0.477,116.0,143.0,0.811,39.0,152.0,191.0,156.0,67.0,15.0,115.0,92.0,706.0,0.0,,fearsje01
73.0,LeBron James,41.0,Los Angeles Lakers,SF,32.0,32.0,1056.0,263.0,517.0,0.509,47.0,146.0,0.322,216.0,371.0,0.582,0.554,131.0,178.0,0.736,23.0,159.0,182.0,212.0,37.0,18.0,89.0,46.0,704.0,0.0,,jamesle01
74.0,Brandon Miller,23.0,Charlotte Hornets,SF,34.0,34.0,1029.0,243.0,564.0,0.431,100.0,273.0,0.366,143.0,291.0,0.491,0.52,116.0,132.0,0.879,37.0,122.0,159.0,115.0,33.0,29.0,86.0,90.0,702.0,0.0,,millebr02
75.0,Donte DiVincenzo,29.0,Minnesota Timberwolves,SG,52.0,52.0,1640.0,235.0,560.0,0.42,166.0,424.0,0.392,69.0,136.0,0.507,0.568,60.0,79.0,0.759,56.0,180.0,236.0,219.0,72.0,25.0,77.0,133.0,696.0,0.0,,divindo01
76.0,VJ Edgecombe,20.0,Philadelphia 76ers,SG,46.0,46.0,1638.0,258.0,604.0,0.427,95.0,264.0,0.36,163.0,340.0,0.479,0.506,84.0,109.0,0.771,75.0,169.0,244.0,197.0,70.0,22.0,82.0,142.0,695.0,0.0,,edgecvj01
77.0,Anfernee Simons,26.0,Boston Celtics,SG,49.0,0.0,1202.0,250.0,568.0,0.44,130.0,329.0,0.395,120.0,239.0,0.502,0.555,64.0,72.0,0.889,26.0,92.0,118.0,116.0,27.0,6.0,55.0,82.0,694.0,0.0,,simonan01
78.0,Andrew Nembhard,26.0,Indiana Pacers,PG,40.0,40.0,1282.0,243.0,543.0,0.448,75.0,204.0,0.368,168.0,339.0,0.496,0.517,132.0,164.0,0.805,18.0,100.0,118.0,301.0,36.0,7.0,96.0,90.0,693.0,0.0,,nembhan01
79.0,Collin Gillespie,26.0,Phoenix Suns,PG,50.0,31.0,1413.0,240.0,539.0,0.445,155.0,356.0,0.435,85.0,183.0,0.464,0.589,55.0,65.0,0.846,48.0,157.0,205.0,236.0,71.0,12.0,84.0,77.0,690.0,0.0,,gilleco01
80.0,Keldon Johnson,26.0,San Antonio Spurs,SF,50.0,0.0,1203.0,258.0,468.0,0.551,63.0,160.0,0.394,195.0,308.0,0.633,0.619,103.0,132.0,0.78,91.0,207.0,298.0,70.0,34.0,7.0,46.0,101.0,682.0,0.0,,johnske04
81.0,Alexandre Sarr,20.0,Washington Wizards,C,39.0,39.0,1112.0,274.0,552.0,0.496,38.0,114.0,0.333,236.0,438.0,0.539,0.531,94.0,133.0,0.707,94.0,207.0,301.0,109.0,33.0,81.0,68.0,78.0,680.0,0.0,,sarral01
82.0,OG Anunoby,28.0,New York Knicks,PF,41.0,41.0,1353.0,239.0,499.0,0.479,85.0,230.0,0.37,154.0,269.0,0.572,0.564,116.0,145.0,0.8,59.0,166.0,225.0,97.0,71.0,28.0,85.0,102.0,679.0,0.0,,anunoog01
83.0,Ayo Dosunmu,26.0,Chicago Bulls,SG,45.0,10.0,1187.0,250.0,486.0,0.514,87.0,193.0,0.451,163.0,293.0,0.556,0.604,90.0,105.0,0.857,33.0,103.0,136.0,164.0,34.0,12.0,61.0,78.0,677.0,0.0,,dosunay01
84.0,Stephon Castle,21.0,San Antonio Spurs,PG,40.0,40.0,1240.0,222.0,493.0,0.45,42.0,151.0,0.278,180.0,342.0,0.526,0.493,174.0,241.0,0.722,47.0,151.0,198.0,278.0,52.0,13.0,137.0,139.0,660.0,1.0,,castlst01
85.0,Jaylon Tyson,23.0,Cleveland Cavaliers,SG,47.0,32.0,1310.0,252.0,485.0,0.52,100.0,208.0,0.481,152.0,277.0,0.549,0.623,56.0,76.0,0.737,95.0,161.0,256.0,113.0,42.0,20.0,73.0,125.0,660.0,0.0,,tysonja01
86.0,Toumani Camara,25.0,Portland Trail Blazers,PF,51.0,51.0,1721.0,234.0,545.0,0.429,128.0,363.0,0.353,106.0,182.0,0.582,0.547,62.0,88.0,0.705,88.0,182.0,270.0,134.0,50.0,23.0,101.0,165.0,658.0,0.0,,camarto01
87.0,Jerami Grant,31.0,Portland Trail Blazers,PF,35.0,16.0,1016.0,196.0,454.0,0.432,77.0,209.0,0.368,119.0,245.0,0.486,0.517,186.0,224.0,0.83,32.0,91.0,123.0,86.0,23.0,23.0,75.0,93.0,655.0,0.0,,grantje01
88.0,John Collins,28.0,Los Angeles Clippers,PF,47.0,38.0,1295.0,248.0,442.0,0.561,67.0,157.0,0.427,181.0,285.0,0.635,0.637,77.0,99.0,0.778,65.0,170.0,235.0,44.0,39.0,37.0,62.0,126.0,640.0,0.0,,collijo01
89.0,Derik Queen,21.0,New Orleans Pelicans,C,52.0,40.0,1344.0,245.0,501.0,0.489,10.0,47.0,0.213,235.0,454.0,0.518,0.499,135.0,173.0,0.78,88.0,291.0,379.0,224.0,54.0,47.0,129.0,146.0,635.0,2.0,,queende01
90.0,Josh Giddey,23.0,Chicago Bulls,PG,34.0,31.0,1090.0,217.0,470.0,0.462,59.0,161.0,0.366,158.0,309.0,0.511,0.524,138.0,178.0,0.775,41.0,251.0,292.0,299.0,31.0,11.0,120.0,56.0,631.0,7.0,,giddejo01
91.0,Austin Reaves,27.0,Los Angeles Lakers,SG,24.0,22.0,832.0,192.0,382.0,0.503,63.0,175.0,0.36,129.0,207.0,0.623,0.585,180.0,207.0,0.87,16.0,108.0,124.0,145.0,24.0,5.0,77.0,55.0,627.0,0.0,,reaveau01
92.0,Cedric Coward,22.0,Memphis Grizzlies,SG,46.0,33.0,1227.0,227.0,488.0,0.465,70.0,205.0,0.341,157.0,283.0,0.555,0.537,102.0,121.0,0.843,64.0,224.0,288.0,136.0,24.0,19.0,80.0,93.0,626.0,0.0,,cowarce01
93.0,Bobby Portis,30.0,Milwaukee Bucks,PF,47.0,9.0,1151.0,250.0,519.0,0.482,89.0,197.0,0.452,161.0,322.0,0.5,0.567,32.0,45.0,0.711,62.0,253.0,315.0,79.0,26.0,8.0,49.0,79.0,621.0,0.0,,portibo01
94.0,Ivica Zubac,28.0,Los Angeles Clippers,C,43.0,42.0,1328.0,263.0,429.0,0.613,0.0,0.0,,263.0,429.0,0.613,0.613,93.0,132.0,0.705,148.0,325.0,473.0,96.0,16.0,36.0,82.0,104.0,619.0,0.0,,zubaciv01
95.0,Brandin Podziemski,22.0,Golden State Warriors,SG,51.0,19.0,1365.0,216.0,477.0,0.453,87.0,226.0,0.385,129.0,251.0,0.514,0.544,96.0,126.0,0.762,35.0,199.0,234.0,182.0,58.0,10.0,78.0,97.0,615.0,0.0,,podzibr01
96.0,Reed Sheppard,21.0,Houston Rockets,SG,49.0,5.0,1202.0,228.0,540.0,0.422,117.0,305.0,0.384,111.0,235.0,0.472,0.531,42.0,54.0,0.778,15.0,109.0,124.0,145.0,68.0,27.0,58.0,95.0,615.0,0.0,,sheppre01
97.0,Kyle Kuzma,30.0,Milwaukee Bucks,PF,47.0,23.0,1265.0,232.0,472.0,0.492,46.0,139.0,0.331,186.0,333.0,0.559,0.54,103.0,142.0,0.725,43.0,190.0,233.0,123.0,30.0,21.0,73.0,99.0,613.0,0.0,,kuzmaky01
98.0,Kyshawn George,22.0,Washington Wizards,SF,40.0,40.0,1235.0,222.0,499.0,0.445,85.0,226.0,0.376,137.0,273.0,0.502,0.53,83.0,106.0,0.783,38.0,186.0,224.0,198.0,45.0,37.0,114.0,157.0,612.0,0.0,,georgky01
99.0,Myles Turner,29.0,Milwaukee Bucks,C,47.0,47.0,1343.0,202.0,460.0,0.439,104.0,266.0,0.391,98.0,194.0,0.505,0.552,101.0,130.0,0.777,56.0,205.0,261.0,74.0,32.0,77.0,54.0,128.0,609.0,0.0,,turnemy01
100.0,De'Andre Hunter,28.0,Cleveland Cavaliers,SF,44.0,24.0,1151.0,207.0,493.0,0.42,75.0,241.0,0.311,132.0,252.0,0.524,0.496,120.0,139.0,0.863,29.0,155.0,184.0,90.0,30.0,6.0,72.0,112.0,609.0,0.0,,huntede01
100.0,De'Andre Hunter,28.0,Cleveland Cavaliers,SF,43.0,23.0,1125.0,204.0,482.0,0.423,73.0,237.0,0.308,131.0,245.0,0.535,0.499,119.0,137.0,0.869,29.0,153.0,182.0,89.0,30.0,6.0,71.0,107.0,600.0,0.0,,huntede01
100.0,De'Andre Hunter,28.0,Cleveland Cavaliers,SF,1.0,1.0,26.0,3.0,11.0,0.273,2.0,4.0,0.5,1.0,7.0,0.143,0.364,1.0,2.0,0.5,0.0,2.0,2.0,1.0,0.0,0.0,1.0,5.0,9.0,0.0,,huntede01
101.0,Ajay Mitchell,23.0,Oklahoma City Thunder,SG,43.0,9.0,1129.0,222.0,456.0,0.487,48.0,137.0,0.35,174.0,319.0,0.545,0.539,114.0,131.0,0.87,29.0,120.0,149.0,157.0,61.0,14.0,68.0,93.0,606.0,0.0,,mitchaj01
102.0,Santi Aldama,25.0,Memphis Grizzlies,PF,43.0,11.0,1198.0,228.0,476.0,0.479,70.0,200.0,0.35,158.0,276.0,0.572,0.553,76.0,114.0,0.667,67.0,220.0,287.0,126.0,37.0,31.0,55.0,69.0,602.0,0.0,,aldamsa01
103.0,Max Christie,22.0,Dallas Mavericks,SG,46.0,37.0,1358.0,205.0,440.0,0.466,116.0,267.0,0.434,89.0,173.0,0.514,0.598,76.0,88.0,0.864,10.0,147.0,157.0,100.0,24.0,16.0,52.0,64.0,602.0,0.0,,chrisma02
104.0,Quentin Grimes,25.0,Philadelphia 76ers,SG,46.0,7.0,1379.0,194.0,443.0,0.438,87.0,253.0,0.344,107.0,190.0,0.563,0.536,124.0,144.0,0.861,30.0,146.0,176.0,169.0,44.0,19.0,86.0,90.0,599.0,0.0,,grimequ01
105.0,Collin Sexton,27.0,Charlotte Hornets,SG,42.0,12.0,938.0,202.0,414.0,0.488,57.0,145.0,0.393,145.0,269.0,0.539,0.557,135.0,154.0,0.877,18.0,62.0,80.0,157.0,36.0,7.0,89.0,75.0,596.0,0.0,,sextoco01
106.0,Deandre Ayton,27.0,Los Angeles Lakers,C,44.0,44.0,1250.0,271.0,402.0,0.674,0.0,0.0,,271.0,402.0,0.674,0.674,51.0,77.0,0.662,112.0,261.0,373.0,41.0,29.0,42.0,62.0,102.0,593.0,0.0,,aytonde01
107.0,Jaylen Wells,22.0,Memphis Grizzlies,SG,49.0,49.0,1317.0,202.0,495.0,0.408,87.0,256.0,0.34,115.0,239.0,0.481,0.496,98.0,126.0,0.778,47.0,124.0,171.0,82.0,41.0,4.0,57.0,108.0,589.0,0.0,,wellsja01
108.0,Brice Sensabaugh,22.0,Utah Jazz,SF,48.0,9.0,1027.0,204.0,450.0,0.453,83.0,245.0,0.339,121.0,205.0,0.59,0.546,91.0,105.0,0.867,36.0,103.0,139.0,75.0,34.0,5.0,58.0,86.0,582.0,0.0,,sensabr01
109.0,Franz Wagner,24.0,Orlando Magic,SF,26.0,26.0,854.0,198.0,411.0,0.482,39.0,106.0,0.368,159.0,305.0,0.521,0.529,142.0,172.0,0.826,41.0,118.0,159.0,93.0,28.0,9.0,47.0,59.0,577.0,0.0,,wagnefr01
110.0,Grayson Allen,30.0,Phoenix Suns,SG,34.0,25.0,1027.0,190.0,454.0,0.419,112.0,304.0,0.368,78.0,150.0,0.52,0.542,83.0,99.0,0.838,24.0,77.0,101.0,136.0,49.0,10.0,56.0,78.0,575.0,0.0,,allengr01
111.0,Julian Champagnie,24.0,San Antonio Spurs,SF,50.0,36.0,1427.0,184.0,431.0,0.427,125.0,333.0,0.375,59.0,98.0,0.602,0.572,81.0,96.0,0.844,46.0,258.0,304.0,73.0,39.0,20.0,49.0,79.0,574.0,0.0,,champju02
112.0,Nicolas Claxton,26.0,Brooklyn Nets,C,47.0,46.0,1375.0,234.0,405.0,0.578,2.0,12.0,0.167,232.0,393.0,0.59,0.58,103.0,166.0,0.62,121.0,223.0,344.0,187.0,35.0,63.0,67.0,111.0,573.0,2.0,,claxtni01
113.0,Dyson Daniels,22.0,Atlanta Hawks,SG,50.0,50.0,1689.0,255.0,513.0,0.497,9.0,71.0,0.127,246.0,442.0,0.557,0.506,52.0,84.0,0.619,110.0,217.0,327.0,314.0,95.0,22.0,100.0,111.0,571.0,1.0,,daniedy01
114.0,Noah Clowney,21.0,Brooklyn Nets,PF,44.0,38.0,1258.0,175.0,450.0,0.389,90.0,286.0,0.315,85.0,164.0,0.518,0.489,130.0,162.0,0.802,43.0,144.0,187.0,82.0,33.0,35.0,78.0,120.0,570.0,0.0,,clownno01
115.0,Cam Spencer,25.0,Memphis Grizzlies,SG,48.0,14.0,1158.0,185.0,385.0,0.481,108.0,236.0,0.458,77.0,149.0,0.517,0.621,92.0,99.0,0.929,23.0,107.0,130.0,269.0,33.0,4.0,73.0,72.0,570.0,0.0,,spencca01
116.0,Wendell Carter Jr.,26.0,Orlando Magic,C,47.0,47.0,1401.0,202.0,403.0,0.501,56.0,162.0,0.346,146.0,241.0,0.606,0.571,107.0,137.0,0.781,103.0,239.0,342.0,99.0,34.0,33.0,57.0,169.0,567.0,0.0,,cartewe01
117.0,Mark Williams,24.0,Phoenix Suns,C,46.0,42.0,1107.0,226.0,343.0,0.659,1.0,1.0,1.0,225.0,342.0,0.658,0.66,112.0,144.0,0.778,146.0,227.0,373.0,51.0,47.0,46.0,51.0,107.0,565.0,0.0,,willima07
118.0,Duncan Robinson,31.0,Detroit Pistons,SF,47.0,47.0,1338.0,190.0,437.0,0.435,137.0,342.0,0.401,53.0,95.0,0.558,0.592,47.0,64.0,0.734,18.0,107.0,125.0,86.0,31.0,15.0,33.0,103.0,564.0,0.0,,robindu01
119.0,Sandro Mamukelashvili,26.0,Toronto Raptors,C,50.0,11.0,1135.0,211.0,401.0,0.526,67.0,179.0,0.374,144.0,222.0,0.649,0.61,74.0,98.0,0.755,78.0,175.0,253.0,100.0,36.0,31.0,46.0,101.0,563.0,0.0,,mamuksa01
120.0,Jarrett Allen,27.0,Cleveland Cavaliers,C,40.0,40.0,1081.0,219.0,362.0,0.605,1.0,9.0,0.111,218.0,353.0,0.618,0.606,117.0,157.0,0.745,93.0,231.0,324.0,82.0,42.0,35.0,56.0,72.0,556.0,0.0,,allenja01
121.0,Moses Moody,23.0,Golden State Warriors,SG,49.0,38.0,1199.0,186.0,428.0,0.435,116.0,285.0,0.407,70.0,143.0,0.49,0.57,60.0,79.0,0.759,42.0,115.0,157.0,70.0,45.0,30.0,43.0,92.0,548.0,0.0,,moodymo01
122.0,Kel'el Ware,21.0,Miami Heat,C,48.0,27.0,1081.0,217.0,405.0,0.536,56.0,137.0,0.409,161.0,268.0,0.601,0.605,54.0,69.0,0.783,145.0,298.0,443.0,28.0,37.0,51.0,43.0,72.0,544.0,0.0,,wareke01
123.0,Brandon Williams,26.0,Dallas Mavericks,PG,43.0,11.0,941.0,191.0,413.0,0.462,22.0,105.0,0.21,169.0,308.0,0.549,0.489,138.0,176.0,0.784,22.0,101.0,123.0,156.0,45.0,9.0,83.0,73.0,542.0,0.0,,willibr03
124.0,Coby White,25.0,Chicago Bulls,SG,29.0,26.0,843.0,172.0,393.0,0.438,72.0,208.0,0.346,100.0,185.0,0.541,0.529,124.0,154.0,0.805,7.0,101.0,108.0,136.0,20.0,2.0,88.0,71.0,540.0,0.0,,whiteco01
125.0,RJ Barrett,25.0,Toronto Raptors,SF,29.0,29.0,852.0,197.0,411.0,0.479,51.0,151.0,0.338,146.0,260.0,0.562,0.541,94.0,134.0,0.701,27.0,124.0,151.0,102.0,23.0,8.0,49.0,70.0,539.0,0.0,,barrerj01
126.0,Rudy Gobert,33.0,Minnesota Timberwolves,C,50.0,50.0,1566.0,219.0,310.0,0.706,0.0,2.0,0.0,219.0,308.0,0.711,0.706,98.0,197.0,0.497,187.0,378.0,565.0,84.0,37.0,83.0,63.0,137.0,536.0,0.0,,goberru01
127.0,Klay Thompson,35.0,Dallas Mavericks,SF,46.0,8.0,1020.0,188.0,486.0,0.387,134.0,354.0,0.379,54.0,132.0,0.409,0.525,24.0,34.0,0.706,14.0,99.0,113.0,64.0,22.0,15.0,42.0,48.0,534.0,0.0,,thompkl01
128.0,Devin Vassell,25.0,San Antonio Spurs,SG,37.0,35.0,1151.0,189.0,450.0,0.42,93.0,256.0,0.363,96.0,194.0,0.495,0.523,61.0,73.0,0.836,15.0,126.0,141.0,83.0,33.0,16.0,34.0,68.0,532.0,0.0,,vassede01
129.0,Donovan Clingan,21.0,Portland Trail Blazers,C,47.0,47.0,1285.0,202.0,389.0,0.519,44.0,141.0,0.312,158.0,248.0,0.637,0.576,77.0,115.0,0.67,216.0,311.0,527.0,93.0,22.0,64.0,49.0,109.0,525.0,0.0,,clingdo01
130.0,Harrison Barnes,33.0,San Antonio Spurs,PF,50.0,48.0,1402.0,179.0,412.0,0.434,91.0,251.0,0.363,88.0,161.0,0.547,0.545,74.0,87.0,0.851,40.0,111.0,151.0,104.0,33.0,9.0,47.0,64.0,523.0,0.0,,barneha02
131.0,Royce O'Neale,32.0,Phoenix Suns,SF,51.0,46.0,1507.0,182.0,431.0,0.422,139.0,347.0,0.401,43.0,84.0,0.512,0.584,19.0,28.0,0.679,34.0,214.0,248.0,148.0,61.0,15.0,78.0,114.0,522.0,0.0,,onealro01
132.0,Dennis Schroder,32.0,Sacramento Kings,PG,41.0,14.0,1075.0,177.0,436.0,0.406,58.0,171.0,0.339,119.0,265.0,0.449,0.472,109.0,133.0,0.82,22.0,102.0,124.0,217.0,35.0,6.0,82.0,66.0,521.0,0.0,,schrode01
132.0,Dennis Schroder,32.0,Sacramento Kings,PG,40.0,14.0,1056.0,172.0,422.0,0.408,57.0,166.0,0.343,115.0,256.0,0.449,0.475,109.0,133.0,0.82,22.0,100.0,122.0,211.0,32.0,6.0,79.0,66.0,510.0,0.0,,schrode01
132.0,Dennis Schroder,32.0,Sacramento Kings,PG,1.0,0.0,19.0,5.0,14.0,0.357,1.0,5.0,0.2,4.0,9.0,0.444,0.393,0.0,0.0,,0.0,2.0,2.0,6.0,3.0,0.0,3.0,0.0,11.0,0.0,,schrode01
133.0,Jarace Walker,22.0,Indiana Pacers,PF,51.0,18.0,1207.0,176.0,442.0,0.398,81.0,222.0,0.365,95.0,220.0,0.432,0.49,84.0,108.0,0.778,23.0,198.0,221.0,101.0,39.0,17.0,81.0,84.0,517.0,0.0,,walkeja02
134.0,Malik Monk,27.0,Sacramento Kings,SG,42.0,0.0,931.0,184.0,423.0,0.435,83.0,200.0,0.415,101.0,223.0,0.453,0.533,64.0,73.0,0.877,12.0,73.0,85.0,108.0,27.0,17.0,61.0,66.0,515.0,0.0,,monkma01
135.0,P.J. Washington,27.0,Dallas Mavericks,PF,36.0,34.0,1114.0,195.0,436.0,0.447,43.0,143.0,0.301,152.0,293.0,0.519,0.497,77.0,116.0,0.664,53.0,205.0,258.0,67.0,37.0,51.0,76.0,83.0,510.0,0.0,,washipj01
136.0,Jock Landale,30.0,Memphis Grizzlies,C,45.0,25.0,1060.0,200.0,389.0,0.514,49.0,129.0,0.38,151.0,260.0,0.581,0.577,60.0,89.0,0.674,141.0,151.0,292.0,75.0,25.0,22.0,46.0,102.0,509.0,0.0,,landajo01
137.0,Tre Johnson,19.0,Washington Wizards,SG,39.0,21.0,980.0,182.0,410.0,0.444,84.0,214.0,0.393,98.0,196.0,0.5,0.546,57.0,64.0,0.891,20.0,86.0,106.0,84.0,24.0,13.0,56.0,70.0,505.0,0.0,,johnstr03
138.0,Ace Bailey,19.0,Utah Jazz,SF,44.0,33.0,1117.0,201.0,443.0,0.454,66.0,189.0,0.349,135.0,254.0,0.531,0.528,31.0,44.0,0.705,65.0,95.0,160.0,71.0,35.0,22.0,54.0,112.0,499.0,0.0,,baileac01
139.0,Bennedict Mathurin,23.0,Indiana Pacers,SF,28.0,24.0,891.0,155.0,358.0,0.433,58.0,156.0,0.372,97.0,202.0,0.48,0.514,129.0,146.0,0.884,22.0,129.0,151.0,63.0,17.0,4.0,64.0,76.0,497.0,0.0,,mathube01
140.0,Carlton Carrington,20.0,Washington Wizards,PG,49.0,20.0,1389.0,169.0,423.0,0.4,105.0,259.0,0.405,64.0,164.0,0.39,0.524,51.0,68.0,0.75,22.0,158.0,180.0,225.0,31.0,11.0,117.0,111.0,494.0,0.0,,carrica01
141.0,Neemias Queta,26.0,Boston Celtics,C,48.0,47.0,1220.0,204.0,320.0,0.638,0.0,5.0,0.0,204.0,315.0,0.648,0.638,75.0,112.0,0.67,144.0,256.0,400.0,74.0,45.0,65.0,50.0,136.0,483.0,0.0,,quetane01
142.0,Kevin Huerter,27.0,Chicago Bulls,SF,44.0,11.0,1037.0,184.0,404.0,0.455,70.0,223.0,0.314,114.0,181.0,0.63,0.542,41.0,56.0,0.732,23.0,146.0,169.0,116.0,35.0,26.0,49.0,85.0,479.0,0.0,,huertke01
143.0,Caleb Love,24.0,Portland Trail Blazers,SG,43.0,1.0,957.0,178.0,455.0,0.391,87.0,271.0,0.321,91.0,184.0,0.495,0.487,36.0,49.0,0.735,25.0,89.0,114.0,112.0,26.0,4.0,57.0,47.0,479.0,0.0,,loveca01
144.0,Josh Hart,30.0,New York Knicks,SF,39.0,25.0,1192.0,180.0,356.0,0.506,62.0,153.0,0.405,118.0,203.0,0.581,0.593,56.0,76.0,0.737,61.0,236.0,297.0,200.0,48.0,13.0,80.0,102.0,478.0,1.0,,hartjo01
145.0,Ausar Thompson,23.0,Detroit Pistons,SF,45.0,44.0,1154.0,195.0,381.0,0.512,6.0,20.0,0.3,189.0,361.0,0.524,0.52,80.0,139.0,0.576,96.0,173.0,269.0,122.0,83.0,35.0,65.0,128.0,476.0,0.0,,thompau01
146.0,Kyle Filipowski,22.0,Utah Jazz,C,50.0,17.0,1115.0,179.0,371.0,0.482,42.0,126.0,0.333,137.0,245.0,0.559,0.539,75.0,108.0,0.694,83.0,239.0,322.0,105.0,38.0,22.0,67.0,143.0,475.0,0.0,,filipky01
147.0,A.J. Green,26.0,Milwaukee Bucks,SG,45.0,45.0,1343.0,155.0,349.0,0.444,136.0,313.0,0.435,19.0,36.0,0.528,0.639,24.0,31.0,0.774,9.0,107.0,116.0,91.0,25.0,5.0,38.0,110.0,470.0,0.0,,greenaj01
148.0,Tre Jones,26.0,Chicago Bulls,PG,38.0,20.0,1020.0,166.0,302.0,0.55,21.0,64.0,0.328,145.0,238.0,0.609,0.584,117.0,138.0,0.848,24.0,89.0,113.0,222.0,50.0,7.0,52.0,53.0,470.0,0.0,,jonestr01
149.0,Darius Garland,26.0,Cleveland Cavaliers,PG,26.0,26.0,792.0,170.0,377.0,0.451,59.0,164.0,0.36,111.0,213.0,0.521,0.529,68.0,79.0,0.861,12.0,51.0,63.0,180.0,21.0,3.0,73.0,48.0,467.0,0.0,,garlada01
150.0,Rui Hachimura,27.0,Los Angeles Lakers,PF,39.0,27.0,1156.0,180.0,359.0,0.501,69.0,160.0,0.431,111.0,199.0,0.558,0.597,34.0,47.0,0.723,26.0,109.0,135.0,34.0,21.0,12.0,30.0,61.0,463.0,0.0,,hachiru01
151.0,Pelle Larsson,24.0,Miami Heat,SG,44.0,31.0,1066.0,165.0,333.0,0.495,42.0,126.0,0.333,123.0,207.0,0.594,0.559,89.0,116.0,0.767,36.0,109.0,145.0,145.0,29.0,10.0,48.0,81.0,461.0,0.0,,larsspe01
152.0,Jake LaRavia,24.0,Los Angeles Lakers,PF,49.0,28.0,1331.0,165.0,357.0,0.462,57.0,173.0,0.329,108.0,184.0,0.587,0.542,73.0,99.0,0.737,70.0,135.0,205.0,97.0,68.0,23.0,55.0,108.0,460.0,0.0,,laravja01
153.0,Tobias Harris,33.0,Detroit Pistons,PF,34.0,34.0,941.0,166.0,362.0,0.459,47.0,133.0,0.353,119.0,229.0,0.52,0.523,80.0,91.0,0.879,32.0,126.0,158.0,84.0,30.0,7.0,38.0,64.0,459.0,0.0,,harrito02
154.0,Isaiah Stewart,24.0,Detroit Pistons,C,45.0,11.0,1055.0,175.0,327.0,0.535,33.0,102.0,0.324,142.0,225.0,0.631,0.586,75.0,100.0,0.75,76.0,166.0,242.0,55.0,12.0,82.0,52.0,136.0,458.0,0.0,,stewais01
155.0,Egor Dëmin,19.0,Brooklyn Nets,PG,43.0,36.0,1061.0,152.0,378.0,0.402,107.0,271.0,0.395,45.0,107.0,0.421,0.544,42.0,49.0,0.857,20.0,113.0,133.0,143.0,35.0,12.0,78.0,78.0,453.0,0.0,,demineg01
156.0,Miles McBride,25.0,New York Knicks,SG,35.0,14.0,981.0,157.0,362.0,0.434,102.0,243.0,0.42,55.0,119.0,0.462,0.575,35.0,43.0,0.814,22.0,69.0,91.0,97.0,30.0,6.0,28.0,64.0,451.0,0.0,,mcbrimi01
157.0,Sam Hauser,28.0,Boston Celtics,PF,49.0,21.0,1170.0,155.0,375.0,0.413,128.0,324.0,0.395,27.0,51.0,0.529,0.584,11.0,12.0,0.917,32.0,155.0,187.0,69.0,30.0,15.0,27.0,71.0,449.0,0.0,,hausesa01
158.0,Jordan Clarkson,33.0,New York Knicks,SG,47.0,1.0,911.0,166.0,385.0,0.431,60.0,181.0,0.331,106.0,204.0,0.52,0.509,50.0,64.0,0.781,35.0,48.0,83.0,61.0,21.0,6.0,49.0,89.0,442.0,0.0,,clarkjo01
159.0,Jay Huff,27.0,Indiana Pacers,C,51.0,28.0,994.0,161.0,343.0,0.469,71.0,220.0,0.323,90.0,123.0,0.732,0.573,42.0,51.0,0.824,50.0,144.0,194.0,64.0,24.0,99.0,42.0,121.0,435.0,0.0,,huffja01
160.0,Paul George,35.0,Philadelphia 76ers,PF,27.0,27.0,824.0,150.0,354.0,0.424,66.0,173.0,0.382,84.0,181.0,0.464,0.517,65.0,76.0,0.855,14.0,125.0,139.0,100.0,40.0,13.0,44.0,60.0,431.0,0.0,,georgpa01
161.0,Jusuf Nurkic,31.0,Utah Jazz,C,38.0,33.0,1009.0,171.0,341.0,0.501,24.0,67.0,0.358,147.0,274.0,0.536,0.537,60.0,107.0,0.561,100.0,286.0,386.0,185.0,50.0,20.0,95.0,124.0,426.0,3.0,,nurkiju01
162.0,Simone Fontecchio,30.0,Miami Heat,SF,49.0,3.0,847.0,139.0,345.0,0.403,89.0,242.0,0.368,50.0,103.0,0.485,0.532,57.0,71.0,0.803,38.0,122.0,160.0,76.0,22.0,8.0,39.0,75.0,424.0,0.0,,fontesi01
163.0,Jalen Smith,25.0,Chicago Bulls,C,42.0,11.0,844.0,154.0,317.0,0.486,66.0,171.0,0.386,88.0,146.0,0.603,0.59,50.0,69.0,0.725,78.0,211.0,289.0,53.0,18.0,33.0,40.0,84.0,424.0,0.0,,smithja04
164.0,Jordan Goodwin,27.0,Phoenix Suns,PG,48.0,3.0,1045.0,161.0,394.0,0.409,73.0,205.0,0.356,88.0,189.0,0.466,0.501,27.0,38.0,0.711,93.0,141.0,234.0,110.0,72.0,10.0,52.0,85.0,422.0,0.0,,goodwjo01
165.0,Dylan Harper,19.0,San Antonio Spurs,SG,39.0,0.0,835.0,169.0,372.0,0.454,25.0,101.0,0.248,144.0,271.0,0.531,0.488,56.0,76.0,0.737,27.0,101.0,128.0,137.0,34.0,12.0,56.0,73.0,419.0,0.0,,harpedy01
166.0,Vit Krejci,25.0,Atlanta Hawks,PG,47.0,8.0,1042.0,145.0,315.0,0.46,102.0,245.0,0.416,43.0,70.0,0.614,0.622,27.0,36.0,0.75,19.0,78.0,97.0,69.0,39.0,13.0,30.0,109.0,419.0,0.0,,krejcvi01
166.0,Vit Krejci,25.0,Atlanta Hawks,PG,46.0,8.0,1028.0,143.0,308.0,0.464,101.0,239.0,0.423,42.0,69.0,0.609,0.628,27.0,36.0,0.75,19.0,78.0,97.0,68.0,37.0,13.0,30.0,108.0,414.0,0.0,,krejcvi01
166.0,Vit Krejci,25.0,Atlanta Hawks,PG,1.0,0.0,14.0,2.0,7.0,0.286,1.0,6.0,0.167,1.0,1.0,1.0,0.357,0.0,0.0,,0.0,0.0,0.0,1.0,2.0,0.0,0.0,1.0,5.0,0.0,,krejcvi01
167.0,Maxime Raynaud,22.0,Sacramento Kings,C,44.0,26.0,1013.0,178.0,325.0,0.548,11.0,38.0,0.289,167.0,287.0,0.582,0.565,51.0,70.0,0.729,77.0,206.0,283.0,45.0,18.0,22.0,44.0,109.0,418.0,0.0,,raynama01
168.0,Isaiah Joe,26.0,Oklahoma City Thunder,SG,43.0,2.0,890.0,131.0,302.0,0.434,97.0,244.0,0.398,34.0,58.0,0.586,0.594,58.0,67.0,0.866,19.0,88.0,107.0,59.0,24.0,9.0,27.0,73.0,417.0,0.0,,joeis01
169.0,Zaccharie Risacher,20.0,Atlanta Hawks,SF,38.0,38.0,931.0,162.0,350.0,0.463,59.0,165.0,0.358,103.0,185.0,0.557,0.547,34.0,55.0,0.618,34.0,95.0,129.0,54.0,34.0,19.0,36.0,83.0,417.0,0.0,,risacza01
170.0,Isaiah Collier,21.0,Utah Jazz,PG,43.0,8.0,1048.0,153.0,303.0,0.505,19.0,65.0,0.292,134.0,238.0,0.563,0.536,89.0,131.0,0.679,18.0,92.0,110.0,303.0,37.0,14.0,101.0,98.0,414.0,0.0,,colliis01
171.0,Jalen Suggs,24.0,Orlando Magic,PG,29.0,29.0,755.0,146.0,329.0,0.444,54.0,171.0,0.316,92.0,158.0,0.582,0.526,68.0,79.0,0.861,21.0,89.0,110.0,145.0,50.0,15.0,75.0,85.0,414.0,0.0,,suggsja01
172.0,Quinten Post,25.0,Golden State Warriors,PF,51.0,32.0,908.0,153.0,349.0,0.438,79.0,226.0,0.35,74.0,123.0,0.602,0.552,25.0,30.0,0.833,51.0,152.0,203.0,70.0,23.0,26.0,39.0,99.0,410.0,0.0,,postqu01
173.0,Anthony Davis,32.0,Dallas Mavericks,PF,20.0,20.0,626.0,169.0,334.0,0.506,10.0,37.0,0.27,159.0,297.0,0.535,0.521,59.0,81.0,0.728,62.0,159.0,221.0,56.0,22.0,33.0,41.0,42.0,407.0,0.0,,davisan02
174.0,Aaron Gordon,30.0,Denver Nuggets,PF,23.0,20.0,642.0,139.0,273.0,0.509,42.0,105.0,0.4,97.0,168.0,0.577,0.586,86.0,109.0,0.789,30.0,112.0,142.0,58.0,16.0,4.0,24.0,38.0,406.0,0.0,,gordoaa01
175.0,Jordan Poole,26.0,New Orleans Pelicans,PG,28.0,6.0,710.0,125.0,338.0,0.37,71.0,211.0,0.336,54.0,127.0,0.425,0.475,85.0,97.0,0.876,6.0,45.0,51.0,86.0,19.0,9.0,53.0,67.0,406.0,0.0,,poolejo01
176.0,Aaron Nesmith,26.0,Indiana Pacers,SF,29.0,26.0,890.0,134.0,347.0,0.386,72.0,194.0,0.371,62.0,153.0,0.405,0.49,64.0,79.0,0.81,40.0,102.0,142.0,66.0,18.0,16.0,42.0,79.0,404.0,0.0,,nesmiaa01
177.0,Kevin Porter Jr.,25.0,Milwaukee Bucks,PG,24.0,22.0,803.0,140.0,314.0,0.446,38.0,109.0,0.349,102.0,205.0,0.498,0.506,86.0,101.0,0.851,18.0,104.0,122.0,180.0,54.0,10.0,79.0,51.0,404.0,1.0,,porteke02
178.0,Jalen Williams,24.0,Oklahoma City Thunder,SG,24.0,24.0,711.0,158.0,336.0,0.47,18.0,60.0,0.3,140.0,276.0,0.507,0.497,70.0,84.0,0.833,16.0,98.0,114.0,135.0,32.0,9.0,47.0,51.0,404.0,0.0,,willija06
179.0,Aaron Wiggins,27.0,Oklahoma City Thunder,SG,37.0,14.0,888.0,147.0,325.0,0.452,71.0,180.0,0.394,76.0,145.0,0.524,0.562,34.0,45.0,0.756,22.0,107.0,129.0,69.0,37.0,23.0,49.0,56.0,399.0,0.0,,wiggiaa01
180.0,Kelly Oubre Jr.,30.0,Philadelphia 76ers,SF,28.0,23.0,901.0,146.0,300.0,0.487,52.0,138.0,0.377,94.0,162.0,0.58,0.573,54.0,74.0,0.73,25.0,105.0,130.0,41.0,31.0,17.0,36.0,71.0,398.0,0.0,,oubreke01
181.0,Kentavious Caldwell-Pope,32.0,Memphis Grizzlies,SG,48.0,13.0,1009.0,140.0,338.0,0.414,52.0,164.0,0.317,88.0,174.0,0.506,0.491,65.0,71.0,0.915,18.0,99.0,117.0,135.0,39.0,8.0,57.0,54.0,397.0,0.0,,caldwke01
182.0,Tristan da Silva,24.0,Orlando Magic,SF,44.0,14.0,998.0,148.0,343.0,0.431,65.0,175.0,0.371,83.0,168.0,0.494,0.526,32.0,38.0,0.842,30.0,117.0,147.0,54.0,38.0,10.0,39.0,56.0,393.0,0.0,,dasiltr01
183.0,Moussa Diabate,24.0,Charlotte Hornets,C,47.0,21.0,1177.0,153.0,239.0,0.64,1.0,1.0,1.0,152.0,238.0,0.639,0.642,86.0,131.0,0.656,169.0,229.0,398.0,72.0,33.0,48.0,43.0,119.0,393.0,0.0,,diabamo01
184.0,Bruce Brown,29.0,Denver Nuggets,SG,52.0,2.0,1286.0,152.0,327.0,0.465,28.0,81.0,0.346,124.0,246.0,0.504,0.508,60.0,77.0,0.779,59.0,152.0,211.0,110.0,53.0,14.0,55.0,126.0,392.0,0.0,,brownbr01
185.0,Ja Morant,26.0,Memphis Grizzlies,PG,20.0,20.0,569.0,132.0,322.0,0.41,20.0,85.0,0.235,112.0,237.0,0.473,0.441,105.0,117.0,0.897,8.0,57.0,65.0,161.0,20.0,6.0,71.0,40.0,389.0,0.0,,moranja01
186.0,Day'Ron Sharpe,24.0,Brooklyn Nets,C,47.0,3.0,865.0,147.0,241.0,0.61,7.0,31.0,0.226,140.0,210.0,0.667,0.624,85.0,125.0,0.68,125.0,186.0,311.0,107.0,51.0,19.0,75.0,105.0,386.0,0.0,,sharpda01
187.0,Cason Wallace,22.0,Oklahoma City Thunder,SG,49.0,39.0,1299.0,144.0,345.0,0.417,70.0,193.0,0.363,74.0,152.0,0.487,0.519,28.0,38.0,0.737,40.0,108.0,148.0,103.0,103.0,12.0,44.0,100.0,386.0,0.0,,wallaca01
188.0,Marvin Bagley III,26.0,Washington Wizards,PF,38.0,8.0,731.0,154.0,246.0,0.626,8.0,19.0,0.421,146.0,227.0,0.643,0.642,69.0,97.0,0.711,97.0,119.0,216.0,56.0,20.0,27.0,44.0,78.0,385.0,0.0,,baglema01
189.0,Kris Dunn,31.0,Los Angeles Clippers,PG,50.0,44.0,1358.0,145.0,309.0,0.469,51.0,144.0,0.354,94.0,165.0,0.57,0.552,44.0,55.0,0.8,40.0,106.0,146.0,161.0,74.0,8.0,70.0,118.0,385.0,0.0,,dunnkr01
190.0,Marcus Smart,31.0,Los Angeles Lakers,SG,40.0,33.0,1131.0,125.0,309.0,0.405,61.0,189.0,0.323,64.0,120.0,0.533,0.503,72.0,84.0,0.857,28.0,91.0,119.0,109.0,52.0,13.0,70.0,108.0,383.0,0.0,,smartma01
191.0,Gary Trent Jr.,27.0,Milwaukee Bucks,SG,45.0,17.0,1085.0,130.0,338.0,0.385,92.0,250.0,0.368,38.0,88.0,0.432,0.521,31.0,39.0,0.795,6.0,45.0,51.0,67.0,27.0,3.0,26.0,63.0,383.0,0.0,,trentga02
192.0,Ronald Holland II,20.0,Detroit Pistons,SF,47.0,5.0,970.0,140.0,338.0,0.414,30.0,126.0,0.238,110.0,212.0,0.519,0.459,72.0,91.0,0.791,48.0,149.0,197.0,65.0,64.0,17.0,65.0,107.0,382.0,0.0,,hollaro01
193.0,Sam Merrill,29.0,Cleveland Cavaliers,SG,28.0,19.0,712.0,124.0,261.0,0.475,97.0,210.0,0.462,27.0,51.0,0.529,0.661,33.0,38.0,0.868,19.0,44.0,63.0,66.0,17.0,4.0,26.0,74.0,378.0,0.0,,merrisa01
194.0,Svi Mykhailiuk,28.0,Utah Jazz,SF,43.0,41.0,1031.0,140.0,298.0,0.47,75.0,195.0,0.385,65.0,103.0,0.631,0.596,23.0,25.0,0.92,30.0,78.0,108.0,82.0,22.0,3.0,36.0,58.0,378.0,0.0,,mykhasv01
195.0,Davion Mitchell,27.0,Miami Heat,PG,42.0,42.0,1216.0,150.0,318.0,0.472,49.0,121.0,0.405,101.0,197.0,0.513,0.549,28.0,43.0,0.651,17.0,89.0,106.0,305.0,50.0,5.0,69.0,114.0,377.0,0.0,,mitchda01
196.0,Isaac Okoro,25.0,Chicago Bulls,SG,43.0,43.0,1104.0,139.0,295.0,0.471,46.0,135.0,0.341,93.0,160.0,0.581,0.549,51.0,67.0,0.761,46.0,68.0,114.0,63.0,25.0,23.0,27.0,108.0,375.0,0.0,,okorois01
197.0,Cam Thomas,24.0,Brooklyn Nets,SG,24.0,8.0,582.0,123.0,308.0,0.399,38.0,117.0,0.325,85.0,191.0,0.445,0.461,91.0,108.0,0.843,9.0,34.0,43.0,74.0,4.0,2.0,48.0,31.0,375.0,0.0,,thomaca02
198.0,Jamal Shead,23.0,Toronto Raptors,PG,52.0,7.0,1160.0,125.0,338.0,0.37,59.0,182.0,0.324,66.0,156.0,0.423,0.457,57.0,75.0,0.76,18.0,80.0,98.0,282.0,51.0,7.0,69.0,107.0,366.0,0.0,,sheadja01
199.0,Luke Kennard,29.0,Atlanta Hawks,SG,46.0,0.0,944.0,129.0,240.0,0.538,74.0,149.0,0.497,55.0,91.0,0.604,0.692,32.0,35.0,0.914,19.0,80.0,99.0,96.0,33.0,5.0,32.0,53.0,364.0,0.0,,kennalu01
200.0,Luguentz Dort,26.0,Oklahoma City Thunder,SF,41.0,41.0,1138.0,127.0,318.0,0.399,82.0,228.0,0.36,45.0,90.0,0.5,0.528,27.0,32.0,0.844,36.0,126.0,162.0,49.0,37.0,20.0,29.0,121.0,363.0,0.0,,dortlu01
201.0,Jonas Valanciunas,33.0,Denver Nuggets,C,40.0,4.0,585.0,147.0,255.0,0.576,5.0,17.0,0.294,142.0,238.0,0.597,0.586,62.0,79.0,0.785,63.0,148.0,211.0,54.0,9.0,27.0,48.0,91.0,361.0,0.0,,valanjo01
202.0,Buddy Hield,33.0,Golden State Warriors,SG,44.0,3.0,768.0,130.0,300.0,0.433,67.0,195.0,0.344,63.0,105.0,0.6,0.545,27.0,34.0,0.794,26.0,82.0,108.0,66.0,37.0,9.0,42.0,56.0,354.0,0.0,,hieldbu01
203.0,Draymond Green,35.0,Golden State Warriors,PF,42.0,42.0,1118.0,128.0,310.0,0.413,61.0,191.0,0.319,67.0,119.0,0.563,0.511,35.0,50.0,0.7,31.0,208.0,239.0,220.0,36.0,29.0,115.0,130.0,352.0,0.0,,greendr01
204.0,T.J. McConnell,33.0,Indiana Pacers,PG,37.0,0.0,634.0,163.0,310.0,0.526,12.0,37.0,0.324,151.0,273.0,0.553,0.545,14.0,15.0,0.933,17.0,65.0,82.0,176.0,44.0,7.0,44.0,46.0,352.0,0.0,,mccontj01
205.0,Khris Middleton,34.0,Washington Wizards,SF,34.0,34.0,827.0,130.0,300.0,0.433,33.0,99.0,0.333,97.0,201.0,0.483,0.488,58.0,69.0,0.841,30.0,104.0,134.0,111.0,26.0,9.0,57.0,86.0,351.0,0.0,,middlkh01
206.0,Javonte Green,32.0,Detroit Pistons,SG,49.0,4.0,916.0,116.0,258.0,0.45,53.0,144.0,0.368,63.0,114.0,0.553,0.552,63.0,79.0,0.797,37.0,98.0,135.0,37.0,65.0,16.0,31.0,73.0,348.0,0.0,,greenja02
207.0,Luka Garza,27.0,Boston Celtics,C,42.0,2.0,717.0,125.0,212.0,0.59,32.0,70.0,0.457,93.0,142.0,0.655,0.665,59.0,75.0,0.787,106.0,76.0,182.0,46.0,19.0,21.0,25.0,102.0,341.0,0.0,,garzalu01
208.0,Gradey Dick,22.0,Toronto Raptors,SG,52.0,1.0,842.0,118.0,278.0,0.424,46.0,147.0,0.313,72.0,131.0,0.55,0.507,58.0,67.0,0.866,31.0,85.0,116.0,35.0,33.0,5.0,28.0,76.0,340.0,0.0,,dickgr01
209.0,Ziaire Williams,24.0,Brooklyn Nets,SF,35.0,4.0,802.0,108.0,262.0,0.412,57.0,183.0,0.311,51.0,79.0,0.646,0.521,66.0,75.0,0.88,20.0,67.0,87.0,28.0,38.0,18.0,35.0,77.0,339.0,0.0,,willizi02
210.0,Dominick Barlow,22.0,Philadelphia 76ers,PF,40.0,33.0,958.0,131.0,238.0,0.55,17.0,59.0,0.288,114.0,179.0,0.637,0.586,56.0,70.0,0.8,93.0,111.0,204.0,51.0,38.0,24.0,31.0,82.0,335.0,0.0,,barlodo01
211.0,Ryan Kalkbrenner,24.0,Charlotte Hornets,C,39.0,26.0,911.0,142.0,184.0,0.772,0.0,2.0,0.0,142.0,182.0,0.78,0.772,51.0,76.0,0.671,94.0,144.0,238.0,26.0,21.0,60.0,41.0,66.0,335.0,0.0,,kalkbry01
212.0,Tari Eason,24.0,Houston Rockets,PF,28.0,14.0,690.0,127.0,272.0,0.467,60.0,123.0,0.488,67.0,149.0,0.45,0.577,19.0,30.0,0.633,56.0,119.0,175.0,40.0,36.0,17.0,42.0,61.0,333.0,0.0,,easonta01
213.0,Justin Champagnie,24.0,Washington Wizards,SF,46.0,11.0,878.0,130.0,260.0,0.5,28.0,93.0,0.301,102.0,167.0,0.611,0.554,41.0,59.0,0.695,93.0,164.0,257.0,49.0,36.0,26.0,28.0,75.0,329.0,0.0,,champju01
214.0,Terance Mann,29.0,Brooklyn Nets,SG,43.0,40.0,1093.0,120.0,266.0,0.451,37.0,109.0,0.339,83.0,157.0,0.529,0.521,51.0,62.0,0.823,53.0,90.0,143.0,148.0,32.0,10.0,49.0,110.0,328.0,0.0,,mannte01
215.0,Cameron Johnson,29.0,Denver Nuggets,SF,28.0,28.0,857.0,113.0,245.0,0.461,54.0,126.0,0.429,59.0,119.0,0.496,0.571,47.0,58.0,0.81,20.0,80.0,100.0,66.0,17.0,8.0,27.0,63.0,327.0,0.0,,johnsca02
216.0,Nikola Jovic,22.0,Miami Heat,PF,40.0,1.0,742.0,108.0,289.0,0.374,43.0,151.0,0.285,65.0,138.0,0.471,0.448,67.0,95.0,0.705,23.0,123.0,146.0,96.0,24.0,16.0,64.0,60.0,326.0,0.0,,jovicni01
217.0,Dru Smith,28.0,Miami Heat,SG,51.0,1.0,887.0,109.0,265.0,0.411,35.0,112.0,0.313,74.0,153.0,0.484,0.477,73.0,87.0,0.839,43.0,89.0,132.0,142.0,78.0,17.0,45.0,82.0,326.0,0.0,,smithdr01
218.0,Daniss Jenkins,24.0,Detroit Pistons,PG,41.0,7.0,688.0,115.0,273.0,0.421,40.0,104.0,0.385,75.0,169.0,0.444,0.495,55.0,69.0,0.797,22.0,51.0,73.0,135.0,38.0,7.0,54.0,57.0,325.0,0.0,,jenkida01
219.0,Jose Alvarado,27.0,New Orleans Pelicans,PG,41.0,0.0,896.0,117.0,280.0,0.418,70.0,193.0,0.363,47.0,87.0,0.54,0.543,20.0,24.0,0.833,16.0,98.0,114.0,128.0,37.0,4.0,47.0,80.0,324.0,0.0,,alvarjo01
220.0,Precious Achiuwa,26.0,Sacramento Kings,C,44.0,30.0,912.0,134.0,268.0,0.5,16.0,51.0,0.314,118.0,217.0,0.544,0.53,37.0,70.0,0.529,86.0,161.0,247.0,51.0,34.0,23.0,30.0,71.0,321.0,0.0,,achiupr01
221.0,Collin Murray-Boyles,20.0,Toronto Raptors,PF,41.0,17.0,907.0,133.0,247.0,0.538,16.0,46.0,0.348,117.0,201.0,0.582,0.571,38.0,59.0,0.644,103.0,106.0,209.0,85.0,38.0,34.0,48.0,107.0,320.0,0.0,,murraco01
222.0,Patrick Williams,24.0,Chicago Bulls,PF,47.0,2.0,881.0,112.0,295.0,0.38,60.0,157.0,0.382,52.0,138.0,0.377,0.481,33.0,47.0,0.702,32.0,110.0,142.0,55.0,29.0,14.0,45.0,63.0,317.0,0.0,,willipa01
223.0,Jrue Holiday,35.0,Portland Trail Blazers,PG,22.0,20.0,620.0,119.0,275.0,0.433,48.0,138.0,0.348,71.0,137.0,0.518,0.52,30.0,39.0,0.769,30.0,69.0,99.0,145.0,30.0,3.0,57.0,35.0,316.0,0.0,,holidjr01
224.0,Will Richard,23.0,Golden State Warriors,SG,46.0,15.0,885.0,113.0,238.0,0.475,52.0,147.0,0.354,61.0,91.0,0.67,0.584,35.0,43.0,0.814,44.0,70.0,114.0,64.0,56.0,5.0,38.0,82.0,313.0,0.0,,richawi02
225.0,Luke Kornet,30.0,San Antonio Spurs,C,41.0,22.0,964.0,121.0,188.0,0.644,0.0,0.0,,121.0,188.0,0.644,0.644,65.0,82.0,0.793,128.0,153.0,281.0,80.0,20.0,51.0,19.0,79.0,307.0,0.0,,kornelu01
226.0,Walter Clayton Jr.,22.0,Utah Jazz,PG,45.0,0.0,811.0,102.0,256.0,0.398,44.0,143.0,0.308,58.0,113.0,0.513,0.484,58.0,62.0,0.935,15.0,73.0,88.0,143.0,24.0,12.0,57.0,78.0,306.0,0.0,,claytwa01
227.0,Domantas Sabonis,29.0,Sacramento Kings,C,19.0,15.0,564.0,120.0,221.0,0.543,5.0,27.0,0.185,115.0,194.0,0.593,0.554,56.0,77.0,0.727,64.0,152.0,216.0,78.0,18.0,4.0,51.0,66.0,301.0,0.0,,sabondo01
228.0,Kobe Sanders,23.0,Los Angeles Clippers,SG,42.0,11.0,904.0,111.0,243.0,0.457,45.0,116.0,0.388,66.0,127.0,0.52,0.549,34.0,41.0,0.829,20.0,84.0,104.0,69.0,25.0,4.0,57.0,92.0,301.0,0.0,,sandeko01
229.0,Sidy Cissoko,21.0,Portland Trail Blazers,SF,46.0,22.0,1007.0,100.0,243.0,0.412,51.0,153.0,0.333,49.0,90.0,0.544,0.516,49.0,71.0,0.69,44.0,66.0,110.0,69.0,32.0,14.0,49.0,123.0,300.0,0.0,,cissosi01
230.0,Nah'Shon Hyland,25.0,Minnesota Timberwolves,PG,43.0,3.0,622.0,108.0,236.0,0.458,53.0,143.0,0.371,55.0,93.0,0.591,0.57,28.0,41.0,0.683,14.0,59.0,73.0,111.0,25.0,10.0,37.0,75.0,297.0,0.0,,hylanbo01
231.0,Isaiah Hartenstein,27.0,Oklahoma City Thunder,C,27.0,26.0,707.0,125.0,196.0,0.638,0.0,5.0,0.0,125.0,191.0,0.654,0.638,46.0,68.0,0.676,88.0,181.0,269.0,84.0,28.0,19.0,57.0,79.0,296.0,1.0,,harteis01
232.0,Corey Kispert,26.0,Atlanta Hawks,SF,31.0,8.0,612.0,101.0,216.0,0.468,49.0,131.0,0.374,52.0,85.0,0.612,0.581,42.0,53.0,0.792,11.0,59.0,70.0,52.0,14.0,4.0,24.0,28.0,293.0,0.0,,kispeco01
232.0,Corey Kispert,26.0,Atlanta Hawks,SF,19.0,2.0,370.0,59.0,119.0,0.496,30.0,76.0,0.395,29.0,43.0,0.674,0.622,26.0,34.0,0.765,6.0,38.0,44.0,32.0,8.0,3.0,14.0,20.0,174.0,0.0,,kispeco01
232.0,Corey Kispert,26.0,Atlanta Hawks,SF,12.0,6.0,242.0,42.0,97.0,0.433,19.0,55.0,0.345,23.0,42.0,0.548,0.531,16.0,19.0,0.842,5.0,21.0,26.0,20.0,6.0,1.0,10.0,8.0,119.0,0.0,,kispeco01
233.0,Bilal Coulibaly,21.0,Washington Wizards,SG,30.0,30.0,790.0,95.0,241.0,0.394,26.0,99.0,0.263,69.0,142.0,0.486,0.448,75.0,98.0,0.765,28.0,109.0,137.0,76.0,43.0,27.0,43.0,79.0,291.0,0.0,,coulibi01
234.0,Sion James,23.0,Charlotte Hornets,SG,51.0,18.0,1236.0,89.0,238.0,0.374,48.0,139.0,0.345,41.0,99.0,0.414,0.475,65.0,76.0,0.855,29.0,150.0,179.0,97.0,27.0,17.0,45.0,91.0,291.0,0.0,,jamessi01
235.0,Kristaps Porzingis,30.0,Atlanta Hawks,C,17.0,12.0,413.0,96.0,210.0,0.457,31.0,86.0,0.36,65.0,124.0,0.524,0.531,68.0,81.0,0.84,21.0,66.0,87.0,46.0,9.0,22.0,16.0,54.0,291.0,0.0,,porzikr01
236.0,Nique Clifford,23.0,Sacramento Kings,SG,48.0,7.0,958.0,106.0,264.0,0.402,36.0,114.0,0.316,70.0,150.0,0.467,0.47,32.0,46.0,0.696,36.0,107.0,143.0,68.0,28.0,14.0,54.0,89.0,280.0,0.0,,cliffni01
237.0,Oso Ighodaro,23.0,Phoenix Suns,PF,51.0,7.0,1020.0,122.0,198.0,0.616,0.0,1.0,0.0,122.0,197.0,0.619,0.616,34.0,69.0,0.493,74.0,154.0,228.0,91.0,48.0,30.0,65.0,132.0,278.0,0.0,,ighodos01
238.0,Brook Lopez,37.0,Los Angeles Clippers,C,43.0,8.0,745.0,95.0,255.0,0.373,62.0,183.0,0.339,33.0,72.0,0.458,0.494,26.0,30.0,0.867,15.0,95.0,110.0,39.0,21.0,42.0,33.0,74.0,278.0,0.0,,lopezbr01
239.0,De'Anthony Melton,27.0,Golden State Warriors,PG,24.0,0.0,510.0,100.0,234.0,0.427,31.0,108.0,0.287,69.0,126.0,0.548,0.494,47.0,58.0,0.81,15.0,55.0,70.0,55.0,36.0,11.0,39.0,57.0,278.0,0.0,,meltode01
240.0,Keegan Murray,25.0,Sacramento Kings,PF,19.0,18.0,683.0,111.0,259.0,0.429,25.0,92.0,0.272,86.0,167.0,0.515,0.477,30.0,38.0,0.789,30.0,86.0,116.0,29.0,23.0,30.0,22.0,37.0,277.0,0.0,,murrake02
241.0,Herbert Jones,27.0,New Orleans Pelicans,SF,30.0,30.0,863.0,102.0,257.0,0.397,41.0,129.0,0.318,61.0,128.0,0.477,0.477,31.0,38.0,0.816,29.0,77.0,106.0,74.0,48.0,14.0,35.0,96.0,276.0,0.0,,joneshe01
242.0,Daniel Gafford,27.0,Dallas Mavericks,C,34.0,24.0,717.0,106.0,168.0,0.631,0.0,0.0,,106.0,168.0,0.631,0.631,62.0,82.0,0.756,74.0,149.0,223.0,30.0,25.0,43.0,44.0,82.0,274.0,0.0,,gaffoda01
243.0,Spencer Jones,24.0,Denver Nuggets,SF,46.0,34.0,1086.0,99.0,196.0,0.505,48.0,116.0,0.414,51.0,80.0,0.638,0.628,28.0,45.0,0.622,51.0,92.0,143.0,38.0,42.0,20.0,26.0,129.0,274.0,0.0,,jonessp01
244.0,Jordan Miller,26.0,Los Angeles Clippers,SF,29.0,0.0,571.0,95.0,181.0,0.525,23.0,62.0,0.371,72.0,119.0,0.605,0.588,60.0,76.0,0.789,26.0,69.0,95.0,46.0,22.0,5.0,32.0,27.0,273.0,0.0,,millejo02
245.0,Vince Williams Jr.,25.0,Memphis Grizzlies,PG,34.0,12.0,736.0,93.0,264.0,0.352,49.0,159.0,0.308,44.0,105.0,0.419,0.445,37.0,46.0,0.804,34.0,102.0,136.0,150.0,27.0,14.0,63.0,71.0,272.0,0.0,,willivi01
246.0,Danny Wolf,21.0,Brooklyn Nets,PF,35.0,7.0,696.0,98.0,252.0,0.389,38.0,121.0,0.314,60.0,131.0,0.458,0.464,37.0,46.0,0.804,37.0,120.0,157.0,67.0,20.0,15.0,37.0,67.0,271.0,0.0,,wolfda01
247.0,Jaden Ivey,23.0,Detroit Pistons,SG,33.0,2.0,555.0,99.0,220.0,0.45,42.0,113.0,0.372,57.0,107.0,0.533,0.545,30.0,38.0,0.789,19.0,53.0,72.0,52.0,15.0,12.0,35.0,44.0,270.0,0.0,,iveyja01
248.0,Tyrese Martin,26.0,Brooklyn Nets,SG,37.0,6.0,696.0,100.0,255.0,0.392,51.0,152.0,0.336,49.0,103.0,0.476,0.492,19.0,26.0,0.731,32.0,74.0,106.0,69.0,22.0,4.0,33.0,30.0,270.0,0.0,,martity01
249.0,Nae'Qwan Tomlin,25.0,Cleveland Cavaliers,PF,41.0,2.0,705.0,107.0,223.0,0.48,17.0,83.0,0.205,90.0,140.0,0.643,0.518,38.0,51.0,0.745,56.0,71.0,127.0,39.0,32.0,27.0,16.0,85.0,269.0,0.0,,tomlina01
250.0,Ryan Dunn,23.0,Phoenix Suns,SF,44.0,11.0,872.0,107.0,244.0,0.439,35.0,109.0,0.321,72.0,135.0,0.533,0.51,18.0,28.0,0.643,67.0,118.0,185.0,70.0,41.0,19.0,42.0,98.0,267.0,0.0,,dunnry01
251.0,Josh Okogie,27.0,Houston Rockets,SG,49.0,28.0,979.0,94.0,214.0,0.439,46.0,117.0,0.393,48.0,97.0,0.495,0.547,32.0,53.0,0.604,60.0,83.0,143.0,46.0,46.0,12.0,33.0,76.0,266.0,0.0,,okogijo01
252.0,D'Angelo Russell,29.0,Dallas Mavericks,PG,26.0,3.0,495.0,94.0,232.0,0.405,33.0,112.0,0.295,61.0,120.0,0.508,0.476,43.0,60.0,0.717,8.0,53.0,61.0,104.0,12.0,2.0,49.0,30.0,264.0,0.0,,russeda01
253.0,Andre Drummond,32.0,Philadelphia 76ers,C,38.0,18.0,753.0,103.0,207.0,0.498,18.0,49.0,0.367,85.0,158.0,0.538,0.541,39.0,62.0,0.629,131.0,202.0,333.0,29.0,21.0,33.0,37.0,75.0,263.0,0.0,,drumman01
254.0,Jaxson Hayes,25.0,Los Angeles Lakers,C,41.0,4.0,712.0,107.0,138.0,0.775,1.0,1.0,1.0,106.0,137.0,0.774,0.779,48.0,74.0,0.649,56.0,100.0,156.0,34.0,15.0,26.0,20.0,81.0,263.0,0.0,,hayesja02
255.0,Ja'Kobe Walter,21.0,Toronto Raptors,SG,42.0,9.0,750.0,88.0,207.0,0.425,47.0,136.0,0.346,41.0,71.0,0.577,0.539,36.0,45.0,0.8,28.0,58.0,86.0,38.0,36.0,6.0,22.0,82.0,259.0,0.0,,walteja01
256.0,Yves Missi,21.0,New Orleans Pelicans,C,45.0,7.0,869.0,109.0,205.0,0.532,0.0,1.0,0.0,109.0,204.0,0.534,0.532,36.0,62.0,0.581,133.0,123.0,256.0,55.0,14.0,62.0,34.0,80.0,254.0,0.0,,missiyv01
257.0,Will Riley,19.0,Washington Wizards,SF,41.0,1.0,622.0,89.0,219.0,0.406,29.0,91.0,0.319,60.0,128.0,0.469,0.473,46.0,57.0,0.807,33.0,54.0,87.0,55.0,21.0,4.0,35.0,32.0,253.0,0.0,,rileywi01
258.0,Landry Shamet,28.0,New York Knicks,SG,26.0,6.0,548.0,81.0,179.0,0.453,58.0,131.0,0.443,23.0,48.0,0.479,0.615,33.0,44.0,0.75,12.0,36.0,48.0,34.0,13.0,5.0,12.0,34.0,253.0,0.0,,shamela01
259.0,Jordan Walsh,21.0,Boston Celtics,PF,46.0,20.0,844.0,94.0,183.0,0.514,31.0,82.0,0.378,63.0,101.0,0.624,0.598,34.0,44.0,0.773,64.0,132.0,196.0,38.0,37.0,21.0,24.0,103.0,253.0,0.0,,walshjo01
260.0,Caris LeVert,31.0,Detroit Pistons,SG,32.0,0.0,632.0,90.0,210.0,0.429,34.0,103.0,0.33,56.0,107.0,0.523,0.51,36.0,53.0,0.679,9.0,49.0,58.0,91.0,29.0,21.0,44.0,48.0,250.0,0.0,,leverca01
261.0,Ryan Nembhard,22.0,Dallas Mavericks,PG,37.0,17.0,696.0,103.0,236.0,0.436,32.0,85.0,0.376,71.0,151.0,0.47,0.504,10.0,13.0,0.769,7.0,58.0,65.0,179.0,9.0,1.0,54.0,50.0,248.0,0.0,,nembhry01
262.0,Dean Wade,29.0,Cleveland Cavaliers,PF,43.0,22.0,980.0,85.0,204.0,0.417,51.0,150.0,0.34,34.0,54.0,0.63,0.542,27.0,36.0,0.75,35.0,143.0,178.0,68.0,35.0,17.0,13.0,68.0,248.0,0.0,,wadede01
263.0,Ben Sheppard,24.0,Indiana Pacers,SG,40.0,13.0,860.0,87.0,226.0,0.385,46.0,141.0,0.326,41.0,85.0,0.482,0.487,27.0,35.0,0.771,25.0,98.0,123.0,69.0,21.0,4.0,22.0,69.0,247.0,0.0,,sheppbe01
264.0,Jared McCain,21.0,Philadelphia 76ers,SG,37.0,1.0,620.0,89.0,231.0,0.385,45.0,119.0,0.378,44.0,112.0,0.393,0.483,22.0,25.0,0.88,6.0,69.0,75.0,62.0,22.0,2.0,30.0,43.0,245.0,0.0,,mccaija01
265.0,Keon Ellis,26.0,Sacramento Kings,SG,44.0,5.0,777.0,85.0,214.0,0.397,55.0,148.0,0.372,30.0,66.0,0.455,0.526,20.0,32.0,0.625,15.0,43.0,58.0,26.0,48.0,22.0,22.0,70.0,245.0,0.0,,elliske01
265.0,Keon Ellis,26.0,Sacramento Kings,SG,43.0,5.0,758.0,83.0,209.0,0.397,53.0,144.0,0.368,30.0,65.0,0.462,0.524,20.0,32.0,0.625,15.0,40.0,55.0,26.0,46.0,22.0,21.0,69.0,239.0,0.0,,elliske01
265.0,Keon Ellis,26.0,Sacramento Kings,SG,1.0,0.0,19.0,2.0,5.0,0.4,2.0,4.0,0.5,0.0,1.0,0.0,0.6,0.0,0.0,,0.0,3.0,3.0,0.0,2.0,0.0,1.0,1.0,6.0,0.0,,elliske01
266.0,Mouhamed Gueye,23.0,Atlanta Hawks,PF,50.0,5.0,824.0,94.0,215.0,0.437,25.0,92.0,0.272,69.0,123.0,0.561,0.495,31.0,50.0,0.62,60.0,122.0,182.0,52.0,43.0,28.0,27.0,89.0,244.0,0.0,,gueyemo02
267.0,GG Jackson,21.0,Memphis Grizzlies,PF,29.0,4.0,507.0,94.0,194.0,0.485,24.0,85.0,0.282,70.0,109.0,0.642,0.546,31.0,43.0,0.721,14.0,85.0,99.0,31.0,19.0,17.0,29.0,47.0,243.0,0.0,,jacksgg01
268.0,Isaiah Jackson,24.0,Indiana Pacers,C,38.0,14.0,638.0,96.0,165.0,0.582,0.0,1.0,0.0,96.0,164.0,0.585,0.582,51.0,74.0,0.689,86.0,125.0,211.0,31.0,26.0,29.0,43.0,108.0,243.0,0.0,,jacksis01
269.0,Jonathan Kuminga,23.0,Golden State Warriors,PF,20.0,13.0,476.0,88.0,194.0,0.454,17.0,53.0,0.321,71.0,141.0,0.504,0.497,49.0,66.0,0.742,29.0,88.0,117.0,50.0,8.0,6.0,46.0,33.0,242.0,0.0,,kuminjo01
270.0,Tyler Herro,26.0,Miami Heat,SG,11.0,10.0,349.0,90.0,181.0,0.497,24.0,67.0,0.358,66.0,114.0,0.579,0.564,37.0,41.0,0.902,6.0,46.0,52.0,30.0,11.0,5.0,17.0,22.0,241.0,0.0,,herroty01
271.0,Goga Bitadze,26.0,Orlando Magic,C,41.0,1.0,666.0,100.0,147.0,0.68,2.0,10.0,0.2,98.0,137.0,0.715,0.687,38.0,52.0,0.731,87.0,124.0,211.0,49.0,30.0,48.0,22.0,88.0,240.0,0.0,,bitadgo01
272.0,Cole Anthony,25.0,Milwaukee Bucks,PG,35.0,0.0,527.0,98.0,231.0,0.424,22.0,72.0,0.306,76.0,159.0,0.478,0.472,16.0,26.0,0.615,16.0,71.0,87.0,121.0,20.0,11.0,65.0,73.0,234.0,0.0,,anthoco01
273.0,Jaden Hardy,23.0,Dallas Mavericks,SG,34.0,4.0,428.0,78.0,194.0,0.402,46.0,124.0,0.371,32.0,70.0,0.457,0.521,31.0,40.0,0.775,11.0,36.0,47.0,29.0,9.0,2.0,27.0,39.0,233.0,0.0,,hardyja02
274.0,Drake Powell,20.0,Brooklyn Nets,SG,38.0,9.0,719.0,80.0,181.0,0.442,28.0,91.0,0.308,52.0,90.0,0.578,0.519,42.0,46.0,0.913,10.0,50.0,60.0,60.0,21.0,5.0,37.0,53.0,230.0,0.0,,poweldr01
275.0,Tre Mann,24.0,Charlotte Hornets,PG,30.0,1.0,488.0,85.0,227.0,0.374,39.0,119.0,0.328,46.0,108.0,0.426,0.46,16.0,19.0,0.842,19.0,49.0,68.0,66.0,14.0,3.0,40.0,52.0,225.0,0.0,,manntr01
276.0,Craig Porter,25.0,Cleveland Cavaliers,PG,46.0,2.0,827.0,91.0,195.0,0.467,26.0,67.0,0.388,65.0,128.0,0.508,0.533,16.0,29.0,0.552,63.0,97.0,160.0,147.0,46.0,29.0,40.0,54.0,224.0,0.0,,portecr01
277.0,Jaylin Williams,23.0,Oklahoma City Thunder,PF,37.0,8.0,714.0,70.0,194.0,0.361,43.0,140.0,0.307,27.0,54.0,0.5,0.472,41.0,54.0,0.759,22.0,165.0,187.0,93.0,23.0,24.0,37.0,76.0,224.0,0.0,,willija07
278.0,Kenrich Williams,31.0,Oklahoma City Thunder,PF,32.0,1.0,523.0,87.0,171.0,0.509,30.0,80.0,0.375,57.0,91.0,0.626,0.596,20.0,30.0,0.667,29.0,81.0,110.0,52.0,20.0,4.0,23.0,36.0,224.0,0.0,,willike04
279.0,Cody Williams,21.0,Utah Jazz,SG,37.0,14.0,701.0,95.0,195.0,0.487,15.0,61.0,0.246,80.0,134.0,0.597,0.526,18.0,29.0,0.621,31.0,52.0,83.0,32.0,20.0,13.0,21.0,64.0,223.0,0.0,,willico04
280.0,Bryce McGowens,23.0,New Orleans Pelicans,SG,29.0,11.0,563.0,73.0,153.0,0.477,24.0,55.0,0.436,49.0,98.0,0.5,0.556,51.0,67.0,0.761,10.0,49.0,59.0,38.0,17.0,4.0,15.0,54.0,221.0,0.0,,mcgowbr01
281.0,Tyler Kolek,24.0,New York Knicks,PG,44.0,1.0,603.0,88.0,208.0,0.423,32.0,91.0,0.352,56.0,117.0,0.479,0.5,12.0,18.0,0.667,13.0,71.0,84.0,135.0,18.0,3.0,48.0,61.0,220.0,0.0,,kolekty01
282.0,Al Horford,39.0,Golden State Warriors,C,30.0,5.0,599.0,80.0,189.0,0.423,46.0,129.0,0.357,34.0,60.0,0.567,0.545,13.0,13.0,1.0,28.0,118.0,146.0,68.0,24.0,33.0,27.0,40.0,219.0,0.0,,horfoal01
283.0,Robert Williams III,28.0,Portland Trail Blazers,C,35.0,1.0,574.0,98.0,131.0,0.748,4.0,13.0,0.308,94.0,118.0,0.797,0.763,19.0,26.0,0.731,70.0,158.0,228.0,38.0,23.0,49.0,25.0,43.0,219.0,0.0,,williro04
284.0,Nicolas Batum,37.0,Los Angeles Clippers,PF,49.0,4.0,964.0,71.0,181.0,0.392,67.0,172.0,0.39,4.0,9.0,0.444,0.577,9.0,11.0,0.818,19.0,109.0,128.0,40.0,37.0,19.0,31.0,78.0,218.0,0.0,,batumni01
285.0,Gary Payton II,33.0,Golden State Warriors,SG,46.0,1.0,578.0,98.0,181.0,0.541,14.0,50.0,0.28,84.0,131.0,0.641,0.58,8.0,14.0,0.571,49.0,90.0,139.0,69.0,24.0,14.0,40.0,73.0,218.0,0.0,,paytoga02
286.0,Kris Murray,25.0,Portland Trail Blazers,SF,34.0,11.0,874.0,78.0,175.0,0.446,20.0,78.0,0.256,58.0,97.0,0.598,0.503,31.0,42.0,0.738,61.0,75.0,136.0,42.0,40.0,14.0,31.0,68.0,207.0,0.0,,murrakr01
287.0,Tristan Vukcevic,22.0,Washington Wizards,C,30.0,2.0,342.0,70.0,154.0,0.455,12.0,60.0,0.2,58.0,94.0,0.617,0.494,55.0,72.0,0.764,17.0,54.0,71.0,29.0,8.0,20.0,30.0,37.0,207.0,0.0,,vukcetr01
288.0,Jalen Pickett,26.0,Denver Nuggets,SG,36.0,18.0,660.0,79.0,187.0,0.422,38.0,101.0,0.376,41.0,86.0,0.477,0.524,10.0,11.0,0.909,18.0,83.0,101.0,99.0,13.0,4.0,28.0,36.0,206.0,0.0,,pickeja02
289.0,Jakob Poeltl,30.0,Toronto Raptors,C,21.0,21.0,531.0,88.0,127.0,0.693,0.0,0.0,,88.0,127.0,0.693,0.693,28.0,47.0,0.596,57.0,105.0,162.0,45.0,16.0,11.0,33.0,66.0,204.0,0.0,,poeltja01
290.0,Alex Caruso,31.0,Oklahoma City Thunder,SG,33.0,0.0,601.0,72.0,172.0,0.419,31.0,105.0,0.295,41.0,67.0,0.612,0.509,25.0,30.0,0.833,18.0,73.0,91.0,71.0,46.0,12.0,26.0,40.0,200.0,0.0,,carusal01
291.0,Aaron Holiday,29.0,Houston Rockets,PG,34.0,1.0,457.0,65.0,159.0,0.409,42.0,108.0,0.389,23.0,51.0,0.451,0.541,28.0,33.0,0.848,5.0,24.0,29.0,33.0,15.0,4.0,21.0,47.0,200.0,0.0,,holidaa01
292.0,Micah Peavy,24.0,New Orleans Pelicans,SG,44.0,1.0,685.0,84.0,219.0,0.384,21.0,87.0,0.241,63.0,132.0,0.477,0.432,11.0,15.0,0.733,38.0,54.0,92.0,47.0,31.0,6.0,13.0,71.0,200.0,0.0,,peavymi01
293.0,Tidjane Salaün,20.0,Charlotte Hornets,PF,31.0,0.0,497.0,73.0,141.0,0.518,31.0,70.0,0.443,42.0,71.0,0.592,0.628,21.0,30.0,0.7,24.0,111.0,135.0,26.0,12.0,7.0,24.0,48.0,198.0,0.0,,salauti01
294.0,Jarred Vanderbilt,26.0,Los Angeles Lakers,PF,40.0,3.0,775.0,75.0,160.0,0.469,20.0,67.0,0.299,55.0,93.0,0.591,0.531,26.0,41.0,0.634,63.0,136.0,199.0,55.0,37.0,13.0,39.0,72.0,196.0,0.0,,vandeja01
295.0,Mike Conley,38.0,Minnesota Timberwolves,PG,44.0,9.0,812.0,56.0,174.0,0.322,42.0,131.0,0.321,14.0,43.0,0.326,0.443,41.0,46.0,0.891,15.0,63.0,78.0,126.0,26.0,11.0,27.0,64.0,195.0,0.0,,conlemi01
296.0,Karlo Matkovic,24.0,New Orleans Pelicans,PF,40.0,2.0,516.0,83.0,139.0,0.597,20.0,49.0,0.408,63.0,90.0,0.7,0.669,8.0,15.0,0.533,34.0,91.0,125.0,29.0,15.0,30.0,20.0,63.0,194.0,0.0,,matkoka01
297.0,Gui Santos,23.0,Golden State Warriors,PF,40.0,5.0,523.0,72.0,141.0,0.511,32.0,84.0,0.381,40.0,57.0,0.702,0.624,18.0,28.0,0.643,31.0,73.0,104.0,47.0,23.0,13.0,32.0,55.0,194.0,0.0,,santogu01
298.0,Cam Whitmore,21.0,Washington Wizards,SF,21.0,0.0,354.0,77.0,169.0,0.456,16.0,56.0,0.286,61.0,113.0,0.54,0.503,23.0,31.0,0.742,19.0,39.0,58.0,15.0,15.0,8.0,18.0,25.0,193.0,0.0,,whitmca01
299.0,Trae Young,27.0,Washington Wizards,PG,10.0,10.0,280.0,56.0,135.0,0.415,18.0,59.0,0.305,38.0,76.0,0.5,0.481,63.0,73.0,0.863,0.0,15.0,15.0,89.0,10.0,1.0,26.0,20.0,193.0,0.0,,youngtr01
300.0,Josh Minott,23.0,Boston Celtics,PF,33.0,10.0,526.0,69.0,136.0,0.507,34.0,77.0,0.442,35.0,59.0,0.593,0.632,20.0,26.0,0.769,40.0,78.0,118.0,33.0,24.0,12.0,20.0,51.0,192.0,0.0,,minotjo01
301.0,Jaylen Clark,24.0,Minnesota Timberwolves,SG,49.0,0.0,680.0,67.0,160.0,0.419,18.0,67.0,0.269,49.0,93.0,0.527,0.475,36.0,56.0,0.643,42.0,50.0,92.0,30.0,36.0,8.0,16.0,71.0,188.0,0.0,,clarkja02
302.0,Quenton Jackson,27.0,Indiana Pacers,PG,24.0,9.0,366.0,62.0,131.0,0.473,19.0,50.0,0.38,43.0,81.0,0.531,0.546,45.0,59.0,0.763,12.0,32.0,44.0,44.0,17.0,4.0,26.0,38.0,188.0,0.0,,jacksqu01
303.0,Tyrese Proctor,21.0,Cleveland Cavaliers,PG,38.0,1.0,399.0,65.0,167.0,0.389,35.0,101.0,0.347,30.0,66.0,0.455,0.494,23.0,27.0,0.852,6.0,35.0,41.0,53.0,15.0,0.0,23.0,43.0,188.0,0.0,,proctty01
304.0,Steven Adams,32.0,Houston Rockets,C,32.0,11.0,730.0,70.0,139.0,0.504,0.0,0.0,,70.0,139.0,0.504,0.504,47.0,81.0,0.58,145.0,131.0,276.0,48.0,22.0,20.0,35.0,55.0,187.0,0.0,,adamsst01
305.0,Paul Reed,26.0,Detroit Pistons,C,34.0,6.0,395.0,81.0,137.0,0.591,7.0,20.0,0.35,74.0,117.0,0.632,0.617,18.0,32.0,0.563,61.0,81.0,142.0,40.0,29.0,19.0,33.0,50.0,187.0,0.0,,reedpa01
306.0,Pat Spencer,29.0,Golden State Warriors,PG,35.0,4.0,486.0,71.0,171.0,0.415,22.0,55.0,0.4,49.0,116.0,0.422,0.48,23.0,28.0,0.821,25.0,47.0,72.0,101.0,21.0,2.0,36.0,35.0,187.0,0.0,,spencpa01
307.0,Dalton Knecht,24.0,Los Angeles Lakers,SF,40.0,1.0,469.0,71.0,161.0,0.441,30.0,96.0,0.313,41.0,65.0,0.631,0.534,13.0,18.0,0.722,11.0,47.0,58.0,14.0,9.0,9.0,17.0,38.0,185.0,0.0,,knechda01
308.0,Kevin Love,37.0,Utah Jazz,PF,27.0,5.0,472.0,60.0,155.0,0.387,37.0,107.0,0.346,23.0,48.0,0.479,0.506,27.0,33.0,0.818,46.0,110.0,156.0,49.0,9.0,8.0,22.0,47.0,184.0,0.0,,loveke01
309.0,Jase Richardson,20.0,Orlando Magic,SG,35.0,0.0,411.0,69.0,143.0,0.483,22.0,59.0,0.373,47.0,84.0,0.56,0.559,24.0,33.0,0.727,17.0,31.0,48.0,41.0,8.0,2.0,21.0,36.0,184.0,0.0,,richaja02
310.0,Thomas Bryant,28.0,Cleveland Cavaliers,C,36.0,0.0,363.0,67.0,128.0,0.523,23.0,64.0,0.359,44.0,64.0,0.688,0.613,26.0,32.0,0.813,28.0,72.0,100.0,21.0,8.0,15.0,15.0,41.0,183.0,0.0,,bryanth01
311.0,Derrick Jones Jr.,28.0,Los Angeles Clippers,SF,18.0,13.0,433.0,67.0,123.0,0.545,22.0,57.0,0.386,45.0,66.0,0.682,0.634,27.0,35.0,0.771,16.0,31.0,47.0,20.0,13.0,19.0,14.0,36.0,183.0,0.0,,jonesde02
312.0,Asa Newell,20.0,Atlanta Hawks,PF,35.0,0.0,388.0,72.0,132.0,0.545,26.0,62.0,0.419,46.0,70.0,0.657,0.644,13.0,22.0,0.591,31.0,41.0,72.0,18.0,13.0,12.0,19.0,56.0,183.0,0.0,,newelas01
313.0,Ochai Agbaji,25.0,Toronto Raptors,SG,42.0,13.0,650.0,72.0,170.0,0.424,12.0,65.0,0.185,60.0,105.0,0.571,0.459,25.0,29.0,0.862,33.0,62.0,95.0,30.0,17.0,11.0,19.0,75.0,181.0,0.0,,agbajoc01
314.0,Hugo González,19.0,Boston Celtics,SF,46.0,2.0,707.0,73.0,155.0,0.471,25.0,72.0,0.347,48.0,83.0,0.578,0.552,10.0,21.0,0.476,42.0,115.0,157.0,28.0,28.0,12.0,27.0,82.0,181.0,0.0,,gonzahu01
315.0,Jalen Wilson,25.0,Brooklyn Nets,PF,33.0,0.0,477.0,57.0,150.0,0.38,34.0,94.0,0.362,23.0,56.0,0.411,0.493,33.0,44.0,0.75,5.0,44.0,49.0,21.0,11.0,2.0,16.0,42.0,181.0,0.0,,wilsoja03
316.0,Jamaree Bouyea,26.0,Phoenix Suns,PG,25.0,0.0,383.0,73.0,142.0,0.514,17.0,50.0,0.34,56.0,92.0,0.609,0.574,12.0,18.0,0.667,13.0,35.0,48.0,41.0,17.0,10.0,14.0,21.0,175.0,0.0,,bouyeja01
317.0,Mitchell Robinson,27.0,New York Knicks,C,36.0,13.0,714.0,77.0,112.0,0.688,0.0,0.0,,77.0,112.0,0.688,0.688,21.0,55.0,0.382,171.0,157.0,328.0,36.0,31.0,41.0,24.0,86.0,175.0,0.0,,robinmi01
318.0,Justin Edwards,22.0,Philadelphia 76ers,SF,37.0,5.0,524.0,61.0,156.0,0.391,35.0,104.0,0.337,26.0,52.0,0.5,0.503,17.0,19.0,0.895,17.0,38.0,55.0,41.0,23.0,8.0,22.0,55.0,174.0,0.0,,edwarju01
319.0,Johnny Furphy,21.0,Indiana Pacers,SG,33.0,19.0,596.0,67.0,142.0,0.472,23.0,69.0,0.333,44.0,73.0,0.603,0.553,17.0,35.0,0.486,30.0,113.0,143.0,35.0,19.0,7.0,28.0,60.0,174.0,0.0,,furphjo01
320.0,Noah Penda,21.0,Orlando Magic,SF,34.0,2.0,476.0,63.0,148.0,0.426,24.0,62.0,0.387,39.0,86.0,0.453,0.507,23.0,37.0,0.622,51.0,80.0,131.0,41.0,20.0,13.0,28.0,48.0,173.0,0.0,,pendano01
321.0,Adem Bona,22.0,Philadelphia 76ers,C,41.0,3.0,669.0,62.0,107.0,0.579,2.0,5.0,0.4,60.0,102.0,0.588,0.589,43.0,66.0,0.652,73.0,91.0,164.0,10.0,14.0,56.0,30.0,85.0,169.0,0.0,,bonaad01
322.0,Trendon Watford,25.0,Philadelphia 76ers,PF,28.0,4.0,438.0,66.0,131.0,0.504,10.0,25.0,0.4,56.0,106.0,0.528,0.542,27.0,38.0,0.711,22.0,73.0,95.0,74.0,8.0,8.0,28.0,55.0,169.0,1.0,,watfotr01
323.0,Branden Carlson,26.0,Oklahoma City Thunder,C,34.0,2.0,373.0,68.0,130.0,0.523,21.0,59.0,0.356,47.0,71.0,0.662,0.604,9.0,17.0,0.529,21.0,67.0,88.0,19.0,6.0,18.0,12.0,30.0,166.0,0.0,,carlsbr01
324.0,Jabari Walker,23.0,Philadelphia 76ers,PF,45.0,6.0,543.0,58.0,144.0,0.403,17.0,63.0,0.27,41.0,81.0,0.506,0.462,32.0,44.0,0.727,51.0,87.0,138.0,21.0,16.0,11.0,17.0,73.0,165.0,0.0,,walkeja01
325.0,Clint Capela,31.0,Houston Rockets,C,43.0,1.0,501.0,72.0,136.0,0.529,0.0,0.0,,72.0,136.0,0.529,0.529,20.0,36.0,0.556,99.0,100.0,199.0,25.0,22.0,32.0,18.0,35.0,164.0,0.0,,capelca01
326.0,Zeke Nnaji,25.0,Denver Nuggets,PF,38.0,2.0,499.0,60.0,122.0,0.492,11.0,40.0,0.275,49.0,82.0,0.598,0.537,33.0,40.0,0.825,28.0,79.0,107.0,21.0,13.0,20.0,21.0,52.0,164.0,0.0,,nnajize01
327.0,Taylor Hendricks,22.0,Utah Jazz,PF,33.0,6.0,492.0,58.0,128.0,0.453,24.0,70.0,0.343,34.0,58.0,0.586,0.547,23.0,32.0,0.719,29.0,70.0,99.0,24.0,13.0,8.0,20.0,40.0,163.0,0.0,,hendrta01
328.0,Baylor Scheierman,25.0,Boston Celtics,SG,46.0,6.0,634.0,57.0,128.0,0.445,38.0,94.0,0.404,19.0,34.0,0.559,0.594,10.0,12.0,0.833,20.0,92.0,112.0,42.0,26.0,3.0,20.0,65.0,162.0,0.0,,scheiba01
329.0,Nolan Traore,19.0,Brooklyn Nets,PG,27.0,4.0,525.0,58.0,165.0,0.352,23.0,74.0,0.311,35.0,91.0,0.385,0.421,23.0,29.0,0.793,5.0,33.0,38.0,77.0,11.0,10.0,37.0,45.0,162.0,0.0,,traorno01
330.0,Lonzo Ball,28.0,Cleveland Cavaliers,PG,35.0,3.0,728.0,53.0,176.0,0.301,40.0,147.0,0.272,13.0,29.0,0.448,0.415,14.0,21.0,0.667,26.0,114.0,140.0,136.0,45.0,9.0,52.0,46.0,160.0,0.0,,balllo01
331.0,Drew Eubanks,28.0,Sacramento Kings,C,31.0,11.0,424.0,67.0,111.0,0.604,1.0,4.0,0.25,66.0,107.0,0.617,0.608,24.0,43.0,0.558,26.0,57.0,83.0,8.0,12.0,19.0,25.0,41.0,159.0,0.0,,eubandr01
332.0,Keaton Wallace,26.0,Atlanta Hawks,PG,40.0,2.0,446.0,57.0,136.0,0.419,34.0,84.0,0.405,23.0,52.0,0.442,0.544,6.0,11.0,0.545,3.0,43.0,46.0,80.0,21.0,5.0,22.0,38.0,154.0,0.0,,wallake01
333.0,Julian Strawther,23.0,Denver Nuggets,SG,29.0,1.0,353.0,50.0,116.0,0.431,15.0,51.0,0.294,35.0,65.0,0.538,0.496,37.0,46.0,0.804,5.0,49.0,54.0,29.0,11.0,2.0,15.0,28.0,152.0,0.0,,strawju01
334.0,Tony Bradley,28.0,IND,C,38.0,3.0,416.0,59.0,106.0,0.557,1.0,2.0,0.5,58.0,104.0,0.558,0.561,32.0,43.0,0.744,56.0,51.0,107.0,20.0,6.0,7.0,17.0,60.0,151.0,0.0,,bradlto01
335.0,Zach Edey,23.0,Memphis Grizzlies,C,11.0,11.0,284.0,62.0,98.0,0.633,1.0,5.0,0.2,61.0,93.0,0.656,0.638,25.0,32.0,0.781,43.0,79.0,122.0,12.0,7.0,21.0,26.0,37.0,150.0,0.0,,edeyza01
336.0,Jordan Hawkins,23.0,New Orleans Pelicans,SG,35.0,0.0,493.0,54.0,169.0,0.32,28.0,93.0,0.301,26.0,76.0,0.342,0.402,14.0,18.0,0.778,14.0,48.0,62.0,26.0,8.0,7.0,22.0,22.0,150.0,0.0,,hawkijo01
337.0,Trayce Jackson-Davis,25.0,Golden State Warriors,C,36.0,1.0,411.0,60.0,102.0,0.588,1.0,1.0,1.0,59.0,101.0,0.584,0.593,29.0,52.0,0.558,47.0,65.0,112.0,32.0,13.0,19.0,18.0,40.0,150.0,0.0,,jackstr02
338.0,Christian Braun,24.0,Denver Nuggets,SG,16.0,16.0,473.0,55.0,123.0,0.447,7.0,36.0,0.194,48.0,87.0,0.552,0.476,28.0,36.0,0.778,24.0,42.0,66.0,43.0,9.0,6.0,18.0,35.0,145.0,0.0,,braunch01
339.0,Jett Howard,22.0,Orlando Magic,SF,30.0,0.0,324.0,50.0,128.0,0.391,28.0,80.0,0.35,22.0,48.0,0.458,0.5,17.0,18.0,0.944,11.0,31.0,42.0,24.0,4.0,4.0,7.0,27.0,145.0,0.0,,howarje01
340.0,Tyus Jones,29.0,Orlando Magic,PG,48.0,8.0,754.0,54.0,158.0,0.342,30.0,102.0,0.294,24.0,56.0,0.429,0.437,6.0,6.0,1.0,9.0,44.0,53.0,116.0,33.0,3.0,14.0,25.0,144.0,0.0,,jonesty01
341.0,Kyle Anderson,32.0,Utah Jazz,SF,20.0,0.0,401.0,57.0,109.0,0.523,3.0,5.0,0.6,54.0,104.0,0.519,0.537,25.0,38.0,0.658,19.0,47.0,66.0,61.0,23.0,10.0,17.0,46.0,142.0,0.0,,anderky01
342.0,Nick Smith Jr.,21.0,Los Angeles Lakers,SG,24.0,1.0,301.0,53.0,125.0,0.424,27.0,68.0,0.397,26.0,57.0,0.456,0.532,7.0,11.0,0.636,2.0,16.0,18.0,27.0,8.0,2.0,18.0,24.0,140.0,0.0,,smithni01
343.0,Gabe Vincent,29.0,Los Angeles Lakers,PG,29.0,7.0,559.0,45.0,130.0,0.346,38.0,103.0,0.369,7.0,27.0,0.259,0.492,10.0,11.0,0.909,7.0,20.0,27.0,37.0,14.0,1.0,12.0,53.0,138.0,0.0,,vincega01
344.0,Caleb Martin,30.0,Dallas Mavericks,SF,43.0,8.0,578.0,53.0,123.0,0.431,12.0,35.0,0.343,41.0,88.0,0.466,0.48,19.0,31.0,0.613,21.0,82.0,103.0,69.0,29.0,11.0,27.0,62.0,137.0,0.0,,martica02
345.0,Olivier-Maxence Prosper,23.0,Memphis Grizzlies,PF,26.0,0.0,322.0,43.0,91.0,0.473,12.0,35.0,0.343,31.0,56.0,0.554,0.538,35.0,40.0,0.875,22.0,45.0,67.0,17.0,7.0,4.0,18.0,21.0,133.0,0.0,,prospol01
346.0,Bogdan Bogdanovic,33.0,Los Angeles Clippers,SG,17.0,3.0,372.0,45.0,121.0,0.372,24.0,74.0,0.324,21.0,47.0,0.447,0.471,16.0,19.0,0.842,5.0,42.0,47.0,44.0,8.0,1.0,22.0,40.0,130.0,0.0,,bogdabo01
347.0,Malaki Branham,22.0,Washington Wizards,SG,28.0,0.0,275.0,43.0,91.0,0.473,14.0,37.0,0.378,29.0,54.0,0.537,0.549,28.0,34.0,0.824,12.0,32.0,44.0,23.0,10.0,3.0,15.0,21.0,128.0,0.0,,branhma01
348.0,Jevon Carter,30.0,Chicago Bulls,PG,23.0,0.0,254.0,41.0,103.0,0.398,32.0,78.0,0.41,9.0,25.0,0.36,0.553,10.0,10.0,1.0,5.0,21.0,26.0,19.0,13.0,2.0,11.0,19.0,124.0,0.0,,carteje01
349.0,Cam Christie,20.0,Los Angeles Clippers,SG,35.0,0.0,354.0,41.0,101.0,0.406,11.0,40.0,0.275,30.0,61.0,0.492,0.46,30.0,40.0,0.75,12.0,46.0,58.0,21.0,9.0,3.0,16.0,16.0,123.0,0.0,,chrisca02
350.0,Rob Dillingham,21.0,Minnesota Timberwolves,PG,35.0,0.0,326.0,47.0,141.0,0.333,12.0,33.0,0.364,35.0,108.0,0.324,0.376,15.0,20.0,0.75,5.0,36.0,41.0,58.0,19.0,3.0,36.0,36.0,121.0,0.0,,dilliro01
351.0,Micah Potter,27.0,Indiana Pacers,C,18.0,2.0,310.0,36.0,84.0,0.429,20.0,56.0,0.357,16.0,28.0,0.571,0.548,29.0,32.0,0.906,13.0,55.0,68.0,25.0,7.0,5.0,13.0,29.0,121.0,0.0,,pottemi01
352.0,Jonathan Isaac,28.0,Orlando Magic,PF,41.0,0.0,425.0,41.0,92.0,0.446,7.0,34.0,0.206,34.0,58.0,0.586,0.484,30.0,48.0,0.625,33.0,75.0,108.0,15.0,17.0,23.0,15.0,33.0,119.0,0.0,,isaacjo01
353.0,Jamison Battle,24.0,Toronto Raptors,SF,36.0,2.0,305.0,45.0,84.0,0.536,22.0,49.0,0.449,23.0,35.0,0.657,0.667,6.0,9.0,0.667,11.0,41.0,52.0,14.0,5.0,2.0,14.0,28.0,118.0,0.0,,battlja01
354.0,Dylan Cardwell,24.0,Sacramento Kings,C,25.0,1.0,501.0,49.0,82.0,0.598,0.0,1.0,0.0,49.0,81.0,0.605,0.598,20.0,36.0,0.556,71.0,106.0,177.0,27.0,17.0,42.0,19.0,95.0,118.0,0.0,,cardwdy01
355.0,Rayan Rupert,21.0,Portland Trail Blazers,SG,43.0,0.0,523.0,46.0,132.0,0.348,17.0,63.0,0.27,29.0,69.0,0.42,0.413,9.0,14.0,0.643,22.0,57.0,79.0,31.0,27.0,2.0,22.0,52.0,118.0,0.0,,ruperra01
356.0,Dalen Terry,23.0,Chicago Bulls,SG,34.0,0.0,377.0,45.0,102.0,0.441,19.0,46.0,0.413,26.0,56.0,0.464,0.534,9.0,17.0,0.529,19.0,45.0,64.0,43.0,22.0,11.0,21.0,33.0,118.0,0.0,,terryda01
357.0,Liam McNeeley,20.0,Charlotte Hornets,SF,28.0,0.0,342.0,34.0,88.0,0.386,22.0,58.0,0.379,12.0,30.0,0.4,0.511,25.0,31.0,0.806,11.0,49.0,60.0,23.0,5.0,3.0,12.0,35.0,115.0,0.0,,mcneeli01
358.0,Jeremy Sochan,22.0,San Antonio Spurs,PF,27.0,0.0,354.0,47.0,98.0,0.48,9.0,35.0,0.257,38.0,63.0,0.603,0.526,11.0,16.0,0.688,26.0,47.0,73.0,28.0,10.0,4.0,18.0,50.0,114.0,0.0,,sochaje01
359.0,Josh Green,25.0,Charlotte Hornets,SG,27.0,0.0,423.0,39.0,91.0,0.429,26.0,66.0,0.394,13.0,25.0,0.52,0.571,9.0,11.0,0.818,26.0,27.0,53.0,28.0,14.0,2.0,17.0,29.0,113.0,0.0,,greenjo02
360.0,Guerschon Yabusele,30.0,New York Knicks,C,41.0,0.0,366.0,42.0,107.0,0.393,20.0,68.0,0.294,22.0,39.0,0.564,0.486,8.0,12.0,0.667,24.0,63.0,87.0,18.0,6.0,5.0,15.0,36.0,112.0,0.0,,yabusgu01
361.0,Moussa Cisse,23.0,Dallas Mavericks,C,29.0,1.0,348.0,42.0,67.0,0.627,0.0,0.0,,42.0,67.0,0.627,0.627,27.0,56.0,0.482,55.0,74.0,129.0,7.0,10.0,33.0,22.0,53.0,111.0,0.0,,cissemo01
362.0,Dwight Powell,34.0,Dallas Mavericks,C,36.0,7.0,527.0,36.0,57.0,0.632,0.0,1.0,0.0,36.0,56.0,0.643,0.632,39.0,60.0,0.65,52.0,88.0,140.0,37.0,19.0,12.0,19.0,72.0,111.0,0.0,,poweldw01
363.0,Kasparas Jakučionis,19.0,Miami Heat,PG,26.0,8.0,410.0,33.0,99.0,0.333,24.0,61.0,0.393,9.0,38.0,0.237,0.455,20.0,23.0,0.87,21.0,40.0,61.0,59.0,17.0,1.0,23.0,51.0,110.0,0.0,,jakucka01
364.0,Carter Bryant,20.0,San Antonio Spurs,PF,39.0,0.0,327.0,40.0,112.0,0.357,18.0,60.0,0.3,22.0,52.0,0.423,0.438,11.0,14.0,0.786,17.0,52.0,69.0,8.0,8.0,5.0,13.0,32.0,109.0,0.0,,bryanca01
365.0,Jericho Sims,27.0,Milwaukee Bucks,C,35.0,4.0,498.0,50.0,60.0,0.833,0.0,0.0,,50.0,60.0,0.833,0.833,9.0,15.0,0.6,42.0,87.0,129.0,25.0,6.0,6.0,33.0,57.0,109.0,0.0,,simsje01
366.0,Yanic Konan Niederhäuser,22.0,Los Angeles Clippers,C,30.0,0.0,259.0,41.0,61.0,0.672,0.0,3.0,0.0,41.0,58.0,0.707,0.672,23.0,34.0,0.676,22.0,44.0,66.0,8.0,2.0,14.0,16.0,38.0,105.0,0.0,,konanya01
367.0,Jeremiah Robinson-Earl,25.0,2TM,PF,22.0,3.0,361.0,37.0,100.0,0.37,10.0,41.0,0.244,27.0,59.0,0.458,0.42,17.0,18.0,0.944,36.0,67.0,103.0,15.0,9.0,1.0,12.0,26.0,101.0,0.0,,robinje02
367.0,Jeremiah Robinson-Earl,25.0,IND,PF,17.0,3.0,300.0,29.0,83.0,0.349,8.0,33.0,0.242,21.0,50.0,0.42,0.398,13.0,14.0,0.929,32.0,56.0,88.0,12.0,7.0,1.0,10.0,23.0,79.0,0.0,,robinje02
367.0,Jeremiah Robinson-Earl,25.0,DAL,PF,5.0,0.0,61.0,8.0,17.0,0.471,2.0,8.0,0.25,6.0,9.0,0.667,0.529,4.0,4.0,1.0,4.0,11.0,15.0,3.0,2.0,0.0,2.0,3.0,22.0,0.0,,robinje02
368.0,Kobe Brown,26.0,Los Angeles Clippers,PF,34.0,0.0,295.0,33.0,84.0,0.393,13.0,49.0,0.265,20.0,35.0,0.571,0.47,21.0,26.0,0.808,18.0,35.0,53.0,27.0,9.0,2.0,15.0,16.0,100.0,0.0,,brownko01
369.0,Ousmane Dieng,22.0,Oklahoma City Thunder,C,27.0,0.0,295.0,38.0,91.0,0.418,18.0,49.0,0.367,20.0,42.0,0.476,0.516,6.0,6.0,1.0,8.0,34.0,42.0,28.0,2.0,7.0,8.0,22.0,100.0,0.0,,diengou01
370.0,Terrence Shannon Jr.,25.0,Minnesota Timberwolves,SG,22.0,0.0,282.0,32.0,81.0,0.395,15.0,37.0,0.405,17.0,44.0,0.386,0.488,21.0,27.0,0.778,6.0,22.0,28.0,14.0,7.0,1.0,15.0,29.0,100.0,0.0,,shannte01
371.0,Julian Phillips,22.0,Chicago Bulls,SF,35.0,2.0,334.0,37.0,88.0,0.42,16.0,49.0,0.327,21.0,39.0,0.538,0.511,9.0,11.0,0.818,22.0,22.0,44.0,7.0,17.0,6.0,7.0,33.0,99.0,0.0,,phillju01
372.0,Zach Collins,28.0,Chicago Bulls,C,10.0,0.0,184.0,37.0,64.0,0.578,9.0,21.0,0.429,28.0,43.0,0.651,0.648,14.0,20.0,0.7,16.0,40.0,56.0,15.0,2.0,4.0,10.0,18.0,97.0,0.0,,colliza01
373.0,Kelly Olynyk,34.0,San Antonio Spurs,C,28.0,0.0,267.0,34.0,72.0,0.472,9.0,38.0,0.237,25.0,34.0,0.735,0.535,20.0,30.0,0.667,18.0,35.0,53.0,35.0,13.0,1.0,16.0,33.0,97.0,0.0,,olynyke01
374.0,John Konchar,29.0,Memphis Grizzlies,SG,30.0,1.0,435.0,37.0,71.0,0.521,13.0,39.0,0.333,24.0,32.0,0.75,0.613,8.0,13.0,0.615,20.0,72.0,92.0,40.0,31.0,13.0,14.0,30.0,95.0,0.0,,konchjo01
375.0,Ethan Thompson,26.0,Indiana Pacers,SG,21.0,5.0,325.0,33.0,89.0,0.371,18.0,60.0,0.3,15.0,29.0,0.517,0.472,11.0,16.0,0.688,11.0,24.0,35.0,29.0,10.0,6.0,12.0,40.0,95.0,0.0,,thompet01
376.0,Gary Harris,31.0,Milwaukee Bucks,SG,35.0,2.0,518.0,33.0,68.0,0.485,20.0,42.0,0.476,13.0,26.0,0.5,0.632,8.0,9.0,0.889,12.0,40.0,52.0,38.0,21.0,5.0,15.0,42.0,94.0,0.0,,harriga01
377.0,Pete Nance,25.0,Milwaukee Bucks,PF,19.0,0.0,191.0,38.0,64.0,0.594,18.0,36.0,0.5,20.0,28.0,0.714,0.734,0.0,0.0,,10.0,29.0,39.0,11.0,6.0,3.0,7.0,14.0,94.0,0.0,,nancepe01
378.0,Duop Reath,29.0,Portland Trail Blazers,C,32.0,0.0,258.0,33.0,74.0,0.446,23.0,55.0,0.418,10.0,19.0,0.526,0.601,5.0,6.0,0.833,10.0,28.0,38.0,10.0,5.0,8.0,7.0,28.0,94.0,0.0,,reathdu01
379.0,Mohamed Diawara,20.0,New York Knicks,SF,41.0,5.0,232.0,35.0,82.0,0.427,19.0,48.0,0.396,16.0,34.0,0.471,0.543,3.0,6.0,0.5,10.0,31.0,41.0,20.0,9.0,4.0,13.0,22.0,92.0,0.0,,diawamo01
380.0,Myron Gardner,24.0,Miami Heat,SF,22.0,2.0,197.0,32.0,66.0,0.485,14.0,35.0,0.4,18.0,31.0,0.581,0.591,13.0,18.0,0.722,18.0,42.0,60.0,17.0,11.0,4.0,3.0,36.0,91.0,0.0,,gardnmy01
381.0,Nick Richards,28.0,Phoenix Suns,C,28.0,2.0,254.0,35.0,71.0,0.493,0.0,0.0,,35.0,71.0,0.493,0.493,19.0,28.0,0.679,35.0,56.0,91.0,8.0,4.0,14.0,25.0,39.0,89.0,0.0,,richani01
382.0,Jamir Watkins,24.0,Washington Wizards,SG,23.0,2.0,359.0,30.0,77.0,0.39,10.0,43.0,0.233,20.0,34.0,0.588,0.455,17.0,22.0,0.773,20.0,62.0,82.0,15.0,18.0,9.0,13.0,55.0,87.0,0.0,,watkija01
383.0,Larry Nance Jr.,33.0,Cleveland Cavaliers,PF,24.0,2.0,317.0,34.0,90.0,0.378,15.0,47.0,0.319,19.0,43.0,0.442,0.461,3.0,5.0,0.6,21.0,41.0,62.0,24.0,15.0,4.0,11.0,46.0,86.0,0.0,,nancela02
384.0,KJ Simpson,23.0,Charlotte Hornets,PG,14.0,2.0,223.0,31.0,89.0,0.348,12.0,39.0,0.308,19.0,50.0,0.38,0.416,10.0,16.0,0.625,5.0,24.0,29.0,35.0,15.0,0.0,24.0,14.0,84.0,0.0,,simpskj01
385.0,Ben Saraf,19.0,Brooklyn Nets,SG,18.0,5.0,313.0,28.0,87.0,0.322,11.0,43.0,0.256,17.0,44.0,0.386,0.385,16.0,21.0,0.762,6.0,21.0,27.0,47.0,14.0,4.0,33.0,21.0,83.0,0.0,,sarafbe01
386.0,Marcus Sasser,25.0,Detroit Pistons,PG,14.0,0.0,140.0,28.0,60.0,0.467,16.0,39.0,0.41,12.0,21.0,0.571,0.6,10.0,11.0,0.909,1.0,12.0,13.0,27.0,10.0,2.0,8.0,13.0,82.0,0.0,,sassema01
387.0,Jae'Sean Tate,30.0,Houston Rockets,SF,31.0,0.0,254.0,35.0,70.0,0.5,7.0,22.0,0.318,28.0,48.0,0.583,0.55,4.0,7.0,0.571,22.0,24.0,46.0,15.0,7.0,3.0,8.0,35.0,81.0,0.0,,tateja01
388.0,Javon Small,23.0,Memphis Grizzlies,PG,17.0,0.0,227.0,26.0,78.0,0.333,13.0,40.0,0.325,13.0,38.0,0.342,0.417,14.0,19.0,0.737,9.0,21.0,30.0,56.0,5.0,2.0,20.0,21.0,79.0,0.0,,smallja01
389.0,Garrison Mathews,29.0,IND,SG,15.0,1.0,196.0,21.0,52.0,0.404,17.0,46.0,0.37,4.0,6.0,0.667,0.567,19.0,23.0,0.826,2.0,15.0,17.0,10.0,6.0,3.0,3.0,19.0,78.0,0.0,,mathega01
390.0,Joan Beringer,19.0,Minnesota Timberwolves,PF,24.0,0.0,167.0,34.0,51.0,0.667,0.0,0.0,,34.0,51.0,0.667,0.667,6.0,10.0,0.6,25.0,25.0,50.0,6.0,3.0,10.0,6.0,25.0,74.0,0.0,,berinjo01
391.0,Amir Coffey,28.0,Milwaukee Bucks,SG,30.0,2.0,265.0,26.0,55.0,0.473,7.0,25.0,0.28,19.0,30.0,0.633,0.536,13.0,15.0,0.867,6.0,20.0,26.0,11.0,3.0,3.0,4.0,14.0,72.0,0.0,,coffeam01
392.0,Walker Kessler,24.0,Utah Jazz,C,5.0,5.0,154.0,26.0,37.0,0.703,6.0,8.0,0.75,20.0,29.0,0.69,0.784,14.0,20.0,0.7,23.0,31.0,54.0,15.0,7.0,9.0,16.0,22.0,72.0,0.0,,kesslwa01
393.0,AJ Johnson,21.0,Washington Wizards,SG,25.0,0.0,214.0,27.0,83.0,0.325,7.0,25.0,0.28,20.0,58.0,0.345,0.367,9.0,12.0,0.75,8.0,23.0,31.0,22.0,7.0,0.0,18.0,15.0,70.0,0.0,,johnsaj01
394.0,Rasheer Fleming,21.0,Phoenix Suns,PF,29.0,0.0,189.0,26.0,75.0,0.347,9.0,41.0,0.22,17.0,34.0,0.5,0.407,8.0,11.0,0.727,19.0,18.0,37.0,5.0,6.0,6.0,7.0,21.0,69.0,0.0,,flemira01
395.0,PJ Hall,23.0,Charlotte Hornets,C,15.0,2.0,154.0,26.0,44.0,0.591,3.0,5.0,0.6,23.0,39.0,0.59,0.625,14.0,20.0,0.7,23.0,29.0,52.0,7.0,1.0,9.0,11.0,16.0,69.0,0.0,,hallpj01
395.0,PJ Hall,23.0,Charlotte Hornets,C,7.0,0.0,27.0,5.0,9.0,0.556,1.0,3.0,0.333,4.0,6.0,0.667,0.611,2.0,3.0,0.667,3.0,6.0,9.0,2.0,0.0,2.0,1.0,3.0,13.0,0.0,,hallpj01
395.0,PJ Hall,23.0,Charlotte Hornets,C,8.0,2.0,127.0,21.0,35.0,0.6,2.0,2.0,1.0,19.0,33.0,0.576,0.629,12.0,17.0,0.706,20.0,23.0,43.0,5.0,1.0,7.0,10.0,13.0,56.0,0.0,,hallpj01
396.0,Ty Jerome,28.0,Memphis Grizzlies,SG,3.0,3.0,61.0,22.0,36.0,0.611,7.0,16.0,0.438,15.0,20.0,0.75,0.708,16.0,19.0,0.842,3.0,5.0,8.0,21.0,3.0,0.0,5.0,7.0,67.0,0.0,,jeromty01
397.0,Moritz Wagner,28.0,Orlando Magic,C,9.0,0.0,93.0,22.0,49.0,0.449,10.0,22.0,0.455,12.0,27.0,0.444,0.551,13.0,14.0,0.929,4.0,18.0,22.0,3.0,4.0,0.0,6.0,14.0,67.0,0.0,,wagnemo01
398.0,Yang Hansen,20.0,Portland Trail Blazers,C,29.0,1.0,235.0,22.0,76.0,0.289,5.0,33.0,0.152,17.0,43.0,0.395,0.322,17.0,18.0,0.944,15.0,35.0,50.0,21.0,2.0,8.0,25.0,32.0,66.0,0.0,,yangha01
399.0,Keshad Johnson,24.0,Miami Heat,SF,21.0,0.0,159.0,23.0,57.0,0.404,7.0,23.0,0.304,16.0,34.0,0.471,0.465,13.0,17.0,0.765,15.0,24.0,39.0,2.0,5.0,4.0,9.0,16.0,66.0,0.0,,johnske10
400.0,Ariel Hukporti,23.0,New York Knicks,C,35.0,4.0,305.0,24.0,43.0,0.558,1.0,3.0,0.333,23.0,40.0,0.575,0.57,16.0,23.0,0.696,35.0,64.0,99.0,18.0,5.0,20.0,20.0,47.0,65.0,0.0,,hukpoar01
401.0,Chris Youngblood,23.0,Oklahoma City Thunder,SG,32.0,0.0,174.0,20.0,60.0,0.333,16.0,51.0,0.314,4.0,9.0,0.444,0.467,9.0,10.0,0.9,7.0,21.0,28.0,11.0,4.0,3.0,2.0,20.0,65.0,0.0,,youngch01
402.0,RayJ Dennis,24.0,Atlanta Hawks,PG,15.0,0.0,177.0,22.0,73.0,0.301,12.0,39.0,0.308,10.0,34.0,0.294,0.384,8.0,9.0,0.889,8.0,15.0,23.0,30.0,4.0,4.0,15.0,17.0,64.0,0.0,,dennira01
402.0,RayJ Dennis,24.0,Atlanta Hawks,PG,13.0,0.0,168.0,22.0,72.0,0.306,12.0,38.0,0.316,10.0,34.0,0.294,0.389,8.0,9.0,0.889,8.0,13.0,21.0,26.0,3.0,4.0,14.0,16.0,64.0,0.0,,dennira01
402.0,RayJ Dennis,24.0,Atlanta Hawks,PG,1.0,0.0,4.0,0.0,0.0,,0.0,0.0,,0.0,0.0,,,0.0,0.0,,0.0,2.0,2.0,0.0,0.0,0.0,1.0,0.0,0.0,0.0,,dennira01
402.0,RayJ Dennis,24.0,Atlanta Hawks,PG,1.0,0.0,5.0,0.0,1.0,0.0,0.0,1.0,0.0,0.0,0.0,,0.0,0.0,0.0,,0.0,0.0,0.0,4.0,1.0,0.0,0.0,1.0,0.0,0.0,,dennira01
403.0,Pat Connaughton,33.0,Charlotte Hornets,SG,22.0,0.0,155.0,22.0,45.0,0.489,11.0,27.0,0.407,11.0,18.0,0.611,0.611,8.0,13.0,0.615,6.0,24.0,30.0,14.0,5.0,1.0,3.0,5.0,63.0,0.0,,connapa01
404.0,Isaiah Livers,27.0,Phoenix Suns,PF,28.0,0.0,291.0,22.0,52.0,0.423,12.0,35.0,0.343,10.0,17.0,0.588,0.538,7.0,10.0,0.7,17.0,39.0,56.0,20.0,12.0,8.0,12.0,26.0,63.0,0.0,,liveris01
405.0,Devin Carter,23.0,Sacramento Kings,PG,16.0,0.0,159.0,21.0,59.0,0.356,6.0,28.0,0.214,15.0,31.0,0.484,0.407,11.0,11.0,1.0,7.0,21.0,28.0,22.0,9.0,3.0,12.0,17.0,59.0,0.0,,cartede02
406.0,Jalen Green,23.0,Phoenix Suns,SG,5.0,2.0,70.0,20.0,46.0,0.435,11.0,26.0,0.423,9.0,20.0,0.45,0.554,7.0,9.0,0.778,2.0,9.0,11.0,9.0,3.0,0.0,7.0,4.0,58.0,0.0,,greenja05
407.0,DaRon Holmes II,23.0,Denver Nuggets,PF,14.0,6.0,175.0,19.0,43.0,0.442,14.0,34.0,0.412,5.0,9.0,0.556,0.605,6.0,8.0,0.75,5.0,19.0,24.0,15.0,0.0,4.0,5.0,16.0,58.0,0.0,,holmeda01
408.0,Grant Williams,27.0,Charlotte Hornets,PF,10.0,0.0,177.0,19.0,53.0,0.358,10.0,38.0,0.263,9.0,15.0,0.6,0.453,10.0,13.0,0.769,10.0,30.0,40.0,11.0,5.0,2.0,6.0,12.0,58.0,0.0,,willigr01
409.0,Christian Koloko,25.0,Atlanta Hawks,C,20.0,4.0,306.0,26.0,60.0,0.433,1.0,5.0,0.2,25.0,55.0,0.455,0.442,3.0,6.0,0.5,26.0,40.0,66.0,14.0,12.0,20.0,12.0,42.0,56.0,0.0,,kolokch01
409.0,Christian Koloko,25.0,Atlanta Hawks,C,2.0,0.0,6.0,0.0,0.0,,0.0,0.0,,0.0,0.0,,,0.0,0.0,,0.0,1.0,1.0,0.0,0.0,0.0,0.0,1.0,0.0,0.0,,kolokch01
409.0,Christian Koloko,25.0,Atlanta Hawks,C,11.0,2.0,195.0,14.0,35.0,0.4,0.0,1.0,0.0,14.0,34.0,0.412,0.4,1.0,4.0,0.25,19.0,25.0,44.0,10.0,10.0,13.0,7.0,20.0,29.0,0.0,,kolokch01
409.0,Christian Koloko,25.0,Atlanta Hawks,C,7.0,2.0,105.0,12.0,25.0,0.48,1.0,4.0,0.25,11.0,21.0,0.524,0.5,2.0,2.0,1.0,7.0,14.0,21.0,4.0,2.0,7.0,5.0,21.0,27.0,0.0,,kolokch01
410.0,Chaz Lanier,24.0,Detroit Pistons,SG,18.0,0.0,162.0,18.0,51.0,0.353,14.0,42.0,0.333,4.0,9.0,0.444,0.49,5.0,5.0,1.0,6.0,11.0,17.0,12.0,5.0,0.0,2.0,6.0,55.0,0.0,,laniech01
411.0,Lindy Waters III,28.0,San Antonio Spurs,SG,28.0,0.0,191.0,19.0,54.0,0.352,15.0,47.0,0.319,4.0,7.0,0.571,0.491,1.0,1.0,1.0,2.0,19.0,21.0,11.0,4.0,0.0,4.0,17.0,54.0,0.0,,waterli01
412.0,Bronny James,21.0,Los Angeles Lakers,SG,27.0,1.0,184.0,19.0,49.0,0.388,9.0,24.0,0.375,10.0,25.0,0.4,0.48,4.0,5.0,0.8,4.0,8.0,12.0,29.0,11.0,1.0,12.0,13.0,51.0,0.0,,jamesbr02
413.0,Blake Wesley,22.0,Portland Trail Blazers,SG,8.0,0.0,137.0,20.0,45.0,0.444,5.0,15.0,0.333,15.0,30.0,0.5,0.5,6.0,11.0,0.545,4.0,14.0,18.0,27.0,11.0,1.0,11.0,17.0,51.0,0.0,,weslebl01
414.0,Dorian Finney-Smith,32.0,Houston Rockets,PF,17.0,0.0,264.0,17.0,55.0,0.309,11.0,43.0,0.256,6.0,12.0,0.5,0.409,5.0,5.0,1.0,15.0,28.0,43.0,10.0,6.0,3.0,9.0,26.0,50.0,0.0,,finnedo01
415.0,Bradley Beal,32.0,Los Angeles Clippers,SG,6.0,6.0,121.0,18.0,48.0,0.375,7.0,19.0,0.368,11.0,29.0,0.379,0.448,6.0,8.0,0.75,2.0,3.0,5.0,10.0,3.0,0.0,9.0,14.0,49.0,0.0,,bealbr01
416.0,AJ Lawson,25.0,Toronto Raptors,SG,11.0,0.0,106.0,16.0,41.0,0.39,8.0,22.0,0.364,8.0,19.0,0.421,0.488,9.0,9.0,1.0,7.0,15.0,22.0,3.0,4.0,3.0,4.0,15.0,49.0,0.0,,lawsoaj01
417.0,Taurean Prince,31.0,Milwaukee Bucks,SF,8.0,0.0,169.0,17.0,38.0,0.447,12.0,28.0,0.429,5.0,10.0,0.5,0.605,3.0,3.0,1.0,0.0,13.0,13.0,8.0,6.0,2.0,5.0,20.0,49.0,0.0,,princta02
418.0,Drew Timme,25.0,Los Angeles Lakers,PF,16.0,0.0,128.0,21.0,38.0,0.553,5.0,14.0,0.357,16.0,24.0,0.667,0.618,2.0,3.0,0.667,8.0,13.0,21.0,14.0,5.0,0.0,5.0,10.0,49.0,0.0,,timmedr01
419.0,Jamal Cain,26.0,Orlando Magic,SF,18.0,0.0,126.0,14.0,37.0,0.378,5.0,18.0,0.278,9.0,19.0,0.474,0.446,15.0,18.0,0.833,7.0,6.0,13.0,5.0,4.0,1.0,6.0,22.0,48.0,0.0,,cainja01
420.0,Chris Paul,40.0,Los Angeles Clippers,PG,16.0,0.0,228.0,18.0,56.0,0.321,10.0,30.0,0.333,8.0,26.0,0.308,0.411,1.0,2.0,0.5,6.0,22.0,28.0,53.0,11.0,0.0,16.0,23.0,47.0,0.0,,paulch01
421.0,Maxi Kleber,34.0,Los Angeles Lakers,PF,24.0,1.0,248.0,15.0,42.0,0.357,4.0,17.0,0.235,11.0,25.0,0.44,0.405,12.0,16.0,0.75,16.0,25.0,41.0,15.0,7.0,5.0,7.0,31.0,46.0,0.0,,klebima01
422.0,Kevon Looney,29.0,New Orleans Pelicans,C,17.0,6.0,237.0,20.0,47.0,0.426,1.0,9.0,0.111,19.0,38.0,0.5,0.436,5.0,8.0,0.625,39.0,48.0,87.0,25.0,6.0,8.0,8.0,30.0,46.0,0.0,,looneke01
423.0,Hunter Tyson,25.0,Denver Nuggets,PF,21.0,2.0,162.0,14.0,52.0,0.269,7.0,33.0,0.212,7.0,19.0,0.368,0.337,11.0,13.0,0.846,4.0,32.0,36.0,17.0,2.0,1.0,5.0,13.0,46.0,0.0,,tysonhu01
424.0,Brooks Barnhizer,23.0,Oklahoma City Thunder,SG,28.0,0.0,214.0,18.0,44.0,0.409,5.0,15.0,0.333,13.0,29.0,0.448,0.466,4.0,6.0,0.667,10.0,37.0,47.0,14.0,5.0,2.0,7.0,20.0,45.0,0.0,,barnhbr01
425.0,Jordan McLaughlin,29.0,San Antonio Spurs,PG,22.0,0.0,132.0,16.0,39.0,0.41,8.0,20.0,0.4,8.0,19.0,0.421,0.513,4.0,5.0,0.8,4.0,11.0,15.0,17.0,11.0,0.0,8.0,8.0,44.0,0.0,,mclaujo01
426.0,Leonard Miller,22.0,Minnesota Timberwolves,SF,19.0,0.0,95.0,18.0,33.0,0.545,1.0,12.0,0.083,17.0,21.0,0.81,0.561,7.0,11.0,0.636,7.0,18.0,25.0,5.0,4.0,0.0,9.0,12.0,44.0,0.0,,millele01
427.0,Taelon Peter,23.0,Indiana Pacers,SG,23.0,0.0,169.0,14.0,47.0,0.298,12.0,43.0,0.279,2.0,4.0,0.5,0.426,4.0,6.0,0.667,6.0,18.0,24.0,20.0,7.0,2.0,10.0,10.0,44.0,0.0,,peterta01
428.0,Anthony Gill,33.0,Washington Wizards,PF,25.0,0.0,149.0,17.0,29.0,0.586,3.0,7.0,0.429,14.0,22.0,0.636,0.638,5.0,5.0,1.0,13.0,22.0,35.0,3.0,6.0,5.0,9.0,14.0,42.0,0.0,,gillan01
429.0,Obi Toppin,27.0,Indiana Pacers,PF,3.0,0.0,82.0,15.0,36.0,0.417,3.0,17.0,0.176,12.0,19.0,0.632,0.458,9.0,9.0,1.0,3.0,17.0,20.0,5.0,3.0,0.0,6.0,7.0,42.0,0.0,,toppiob01
430.0,JD Davison,23.0,Houston Rockets,PG,22.0,0.0,152.0,15.0,42.0,0.357,6.0,22.0,0.273,9.0,20.0,0.45,0.429,5.0,9.0,0.556,2.0,14.0,16.0,22.0,5.0,4.0,5.0,11.0,41.0,0.0,,davisjd01
431.0,Johnny Juzang,24.0,Minnesota Timberwolves,SG,20.0,0.0,78.0,15.0,36.0,0.417,5.0,22.0,0.227,10.0,14.0,0.714,0.486,5.0,8.0,0.625,5.0,11.0,16.0,6.0,2.0,0.0,5.0,3.0,40.0,0.0,,juzanjo01
432.0,Andre Jackson Jr.,24.0,Milwaukee Bucks,SG,24.0,0.0,158.0,11.0,44.0,0.25,5.0,26.0,0.192,6.0,18.0,0.333,0.307,9.0,10.0,0.9,8.0,12.0,20.0,24.0,6.0,2.0,8.0,24.0,36.0,0.0,,jacksan01
433.0,Jeff Green,39.0,Houston Rockets,PF,17.0,0.0,74.0,13.0,28.0,0.464,9.0,20.0,0.45,4.0,8.0,0.5,0.625,0.0,0.0,,1.0,7.0,8.0,2.0,0.0,1.0,1.0,5.0,35.0,0.0,,greenje02
434.0,Nigel Hayes,31.0,Phoenix Suns,SF,27.0,0.0,195.0,15.0,46.0,0.326,2.0,16.0,0.125,13.0,30.0,0.433,0.348,2.0,4.0,0.5,12.0,21.0,33.0,7.0,8.0,2.0,8.0,16.0,34.0,0.0,,hayesni01
435.0,Eric Gordon,37.0,Philadelphia 76ers,SG,6.0,0.0,74.0,12.0,21.0,0.571,8.0,14.0,0.571,4.0,7.0,0.571,0.762,1.0,2.0,0.5,1.0,1.0,2.0,3.0,4.0,1.0,3.0,3.0,33.0,0.0,,gordoer01
436.0,Kam Jones,23.0,Indiana Pacers,SG,14.0,1.0,124.0,14.0,37.0,0.378,3.0,14.0,0.214,11.0,23.0,0.478,0.419,2.0,4.0,0.5,4.0,11.0,15.0,19.0,3.0,0.0,4.0,5.0,33.0,0.0,,joneska03
437.0,David Jones,24.0,San Antonio Spurs,SF,11.0,0.0,68.0,13.0,25.0,0.52,3.0,5.0,0.6,10.0,20.0,0.5,0.58,3.0,6.0,0.5,4.0,9.0,13.0,18.0,6.0,1.0,5.0,6.0,32.0,0.0,,jonesda06
438.0,Xavier Tillman,27.0,Boston Celtics,C,14.0,1.0,111.0,14.0,31.0,0.452,3.0,15.0,0.2,11.0,16.0,0.688,0.5,0.0,0.0,,10.0,15.0,25.0,5.0,6.0,2.0,5.0,9.0,31.0,0.0,,tillmxa01
439.0,Dereck Lively II,21.0,Dallas Mavericks,C,7.0,4.0,115.0,11.0,18.0,0.611,0.0,0.0,,11.0,18.0,0.611,0.611,8.0,10.0,0.8,14.0,23.0,37.0,13.0,4.0,11.0,10.0,21.0,30.0,0.0,,livelde01
440.0,Alijah Martin,24.0,Toronto Raptors,SG,10.0,0.0,88.0,9.0,26.0,0.346,2.0,11.0,0.182,7.0,15.0,0.467,0.385,10.0,12.0,0.833,6.0,6.0,12.0,8.0,5.0,3.0,3.0,9.0,30.0,0.0,,martial01
441.0,Jonathan Mogbo,24.0,Toronto Raptors,PF,21.0,0.0,138.0,14.0,28.0,0.5,0.0,0.0,,14.0,28.0,0.5,0.5,2.0,5.0,0.4,12.0,25.0,37.0,10.0,3.0,4.0,6.0,13.0,30.0,0.0,,mogbojo01
442.0,Miles Kelly,23.0,Dallas Mavericks,PG,11.0,0.0,93.0,11.0,30.0,0.367,7.0,24.0,0.292,4.0,6.0,0.667,0.483,0.0,0.0,,4.0,13.0,17.0,7.0,3.0,0.0,4.0,10.0,29.0,0.0,,kellymi02
443.0,Kevin McCullar Jr.,24.0,New York Knicks,SF,13.0,0.0,89.0,10.0,24.0,0.417,6.0,14.0,0.429,4.0,10.0,0.4,0.542,2.0,5.0,0.4,8.0,13.0,21.0,17.0,4.0,0.0,8.0,14.0,28.0,0.0,,mcculke01
444.0,Luke Travers,24.0,Cleveland Cavaliers,SG,12.0,0.0,103.0,9.0,36.0,0.25,1.0,16.0,0.063,8.0,20.0,0.4,0.264,9.0,9.0,1.0,9.0,15.0,24.0,9.0,7.0,4.0,3.0,6.0,28.0,0.0,,travelu01
445.0,Doug McDermott,34.0,Sacramento Kings,SF,8.0,0.0,76.0,9.0,24.0,0.375,9.0,24.0,0.375,0.0,0.0,,0.563,0.0,0.0,,0.0,5.0,5.0,2.0,0.0,1.0,3.0,5.0,27.0,0.0,,mcderdo01
446.0,Mason Plumlee,35.0,Charlotte Hornets,C,14.0,2.0,125.0,9.0,12.0,0.75,0.0,0.0,,9.0,12.0,0.75,0.75,8.0,12.0,0.667,10.0,30.0,40.0,16.0,6.0,0.0,9.0,10.0,26.0,0.0,,plumlma01
447.0,Tolu Smith,25.0,Detroit Pistons,PF,5.0,0.0,55.0,7.0,15.0,0.467,0.0,0.0,,7.0,15.0,0.467,0.467,12.0,15.0,0.8,10.0,18.0,28.0,4.0,2.0,5.0,4.0,7.0,26.0,0.0,,smithto05
448.0,Khaman Maluach,19.0,Phoenix Suns,C,22.0,0.0,95.0,8.0,20.0,0.4,0.0,5.0,0.0,8.0,15.0,0.533,0.4,9.0,10.0,0.9,6.0,14.0,20.0,3.0,1.0,8.0,10.0,17.0,25.0,0.0,,maluakh01
449.0,Ron Harper Jr.,25.0,Boston Celtics,SF,8.0,1.0,68.0,9.0,24.0,0.375,6.0,19.0,0.316,3.0,5.0,0.6,0.5,0.0,0.0,,7.0,8.0,15.0,7.0,1.0,3.0,1.0,7.0,24.0,0.0,,harpero02
450.0,Caleb Houstan,23.0,Atlanta Hawks,SF,10.0,0.0,49.0,7.0,15.0,0.467,6.0,12.0,0.5,1.0,3.0,0.333,0.667,3.0,3.0,1.0,4.0,1.0,5.0,2.0,1.0,1.0,4.0,6.0,23.0,0.0,,houstca01
451.0,Thanasis Antetokounmpo,33.0,Milwaukee Bucks,SF,17.0,0.0,50.0,8.0,15.0,0.533,0.0,1.0,0.0,8.0,14.0,0.571,0.533,6.0,11.0,0.545,6.0,5.0,11.0,1.0,6.0,3.0,3.0,8.0,22.0,0.0,,antetth01
452.0,E.J. Liddell,25.0,Brooklyn Nets,PF,10.0,0.0,49.0,8.0,17.0,0.471,4.0,11.0,0.364,4.0,6.0,0.667,0.588,2.0,3.0,0.667,3.0,8.0,11.0,0.0,1.0,0.0,0.0,4.0,22.0,0.0,,liddeej01
453.0,Mark Sears,23.0,MIL,PG,7.0,0.0,26.0,6.0,13.0,0.462,4.0,8.0,0.5,2.0,5.0,0.4,0.615,6.0,8.0,0.75,1.0,1.0,2.0,2.0,0.0,0.0,4.0,4.0,22.0,0.0,,searsma01
454.0,Amari Williams,24.0,Boston Celtics,PF,13.0,2.0,107.0,7.0,15.0,0.467,0.0,0.0,,7.0,15.0,0.467,0.467,8.0,12.0,0.667,6.0,21.0,27.0,6.0,2.0,9.0,6.0,14.0,22.0,0.0,,william01
455.0,Chris Boucher,33.0,Boston Celtics,PF,9.0,0.0,94.0,8.0,25.0,0.32,2.0,15.0,0.133,6.0,10.0,0.6,0.36,3.0,4.0,0.75,2.0,16.0,18.0,3.0,5.0,7.0,1.0,17.0,21.0,0.0,,bouchch01
456.0,Javonte Cooke,26.0,Portland Trail Blazers,SG,12.0,0.0,72.0,8.0,29.0,0.276,3.0,16.0,0.188,5.0,13.0,0.385,0.328,2.0,2.0,1.0,2.0,8.0,10.0,7.0,6.0,0.0,6.0,3.0,21.0,0.0,,cookeja01
457.0,Antonio Reeves,25.0,Charlotte Hornets,SG,7.0,0.0,56.0,8.0,16.0,0.5,5.0,10.0,0.5,3.0,6.0,0.5,0.656,0.0,0.0,,1.0,4.0,5.0,2.0,1.0,0.0,0.0,3.0,21.0,0.0,,reevean01
458.0,Adou Thiero,21.0,Los Angeles Lakers,SF,15.0,0.0,87.0,7.0,18.0,0.389,0.0,1.0,0.0,7.0,17.0,0.412,0.389,6.0,8.0,0.75,7.0,11.0,18.0,5.0,5.0,1.0,4.0,15.0,20.0,0.0,,thierad01
459.0,Matisse Thybulle,28.0,Portland Trail Blazers,SG,4.0,0.0,49.0,6.0,10.0,0.6,4.0,6.0,0.667,2.0,4.0,0.5,0.8,4.0,4.0,1.0,0.0,4.0,4.0,3.0,10.0,0.0,1.0,7.0,20.0,0.0,,thybuma01
460.0,Sharife Cooper,24.0,Washington Wizards,PG,8.0,0.0,64.0,8.0,18.0,0.444,2.0,6.0,0.333,6.0,12.0,0.5,0.5,1.0,2.0,0.5,3.0,10.0,13.0,7.0,1.0,1.0,6.0,7.0,19.0,0.0,,coopesh01
461.0,Mac McClung,27.0,IND,SG,3.0,0.0,34.0,7.0,18.0,0.389,2.0,10.0,0.2,5.0,8.0,0.625,0.444,3.0,4.0,0.75,0.0,4.0,4.0,1.0,5.0,1.0,2.0,6.0,19.0,0.0,,mccluma01
462.0,Monte Morris,30.0,IND,PG,6.0,0.0,65.0,7.0,20.0,0.35,2.0,8.0,0.25,5.0,12.0,0.417,0.4,2.0,4.0,0.5,1.0,6.0,7.0,9.0,1.0,1.0,2.0,3.0,18.0,0.0,,morrimo01
463.0,Elijah Harkless,25.0,Utah Jazz,SG,7.0,0.0,66.0,4.0,11.0,0.364,2.0,7.0,0.286,2.0,4.0,0.5,0.455,7.0,9.0,0.778,2.0,4.0,6.0,5.0,4.0,0.0,3.0,10.0,17.0,0.0,,harklej01
464.0,Yuki Kawamura,24.0,Chicago Bulls,PG,3.0,0.0,64.0,4.0,13.0,0.308,3.0,11.0,0.273,1.0,2.0,0.5,0.423,6.0,6.0,1.0,2.0,12.0,14.0,15.0,4.0,0.0,1.0,4.0,17.0,0.0,,kawamyu01
465.0,Bobi Klintman,22.0,Detroit Pistons,SF,8.0,0.0,60.0,7.0,22.0,0.318,3.0,11.0,0.273,4.0,11.0,0.364,0.386,0.0,3.0,0.0,5.0,12.0,17.0,4.0,2.0,0.0,5.0,10.0,17.0,0.0,,klintbo01
466.0,Lachlan Olbrich,22.0,Chicago Bulls,C,14.0,0.0,109.0,6.0,17.0,0.353,1.0,6.0,0.167,5.0,11.0,0.455,0.382,4.0,10.0,0.4,11.0,25.0,36.0,11.0,2.0,1.0,4.0,22.0,17.0,0.0,,olbrila01
467.0,Emanuel Miller,25.0,Chicago Bulls,PF,5.0,0.0,33.0,6.0,13.0,0.462,2.0,6.0,0.333,4.0,7.0,0.571,0.538,1.0,2.0,0.5,1.0,2.0,3.0,4.0,2.0,0.0,0.0,2.0,15.0,0.0,,milleem01
468.0,Jahmir Young,25.0,Miami Heat,PG,7.0,0.0,36.0,6.0,15.0,0.4,2.0,6.0,0.333,4.0,9.0,0.444,0.467,1.0,1.0,1.0,1.0,2.0,3.0,6.0,1.0,0.0,2.0,4.0,15.0,0.0,,youngja05
469.0,Trey Alexander,22.0,New Orleans Pelicans,SG,5.0,0.0,42.0,6.0,9.0,0.667,2.0,3.0,0.667,4.0,6.0,0.667,0.778,0.0,0.0,,0.0,4.0,4.0,5.0,1.0,1.0,1.0,4.0,14.0,0.0,,alexatr01
470.0,Seth Curry,35.0,Golden State Warriors,SG,2.0,0.0,32.0,6.0,9.0,0.667,2.0,4.0,0.5,4.0,5.0,0.8,0.778,0.0,0.0,,1.0,3.0,4.0,3.0,2.0,0.0,0.0,3.0,14.0,0.0,,curryse01
471.0,TyTy Washington Jr.,24.0,Los Angeles Clippers,PG,3.0,0.0,30.0,6.0,10.0,0.6,2.0,5.0,0.4,4.0,5.0,0.8,0.7,0.0,0.0,,0.0,1.0,1.0,6.0,2.0,1.0,1.0,0.0,14.0,0.0,,washity02
472.0,Skal Labissiere,29.0,Washington Wizards,PF,3.0,0.0,38.0,6.0,10.0,0.6,1.0,5.0,0.2,5.0,5.0,1.0,0.65,0.0,0.0,,3.0,6.0,9.0,3.0,2.0,1.0,1.0,3.0,13.0,0.0,,labissk01
473.0,James Wiseman,24.0,IND,C,4.0,1.0,58.0,6.0,10.0,0.6,0.0,0.0,,6.0,10.0,0.6,0.6,1.0,2.0,0.5,5.0,3.0,8.0,3.0,0.0,1.0,5.0,10.0,13.0,0.0,,wisemja01
474.0,Kobe Bufkin,22.0,LAL,SG,4.0,0.0,45.0,4.0,11.0,0.364,2.0,7.0,0.286,2.0,4.0,0.5,0.455,2.0,2.0,1.0,1.0,4.0,5.0,2.0,1.0,3.0,1.0,3.0,12.0,0.0,,bufkiko01
475.0,Tyson Etienne,26.0,Brooklyn Nets,PG,8.0,0.0,34.0,4.0,15.0,0.267,4.0,13.0,0.308,0.0,2.0,0.0,0.4,0.0,0.0,,0.0,0.0,0.0,1.0,0.0,0.0,1.0,5.0,12.0,0.0,,etienty01
476.0,Patrick Baldwin Jr.,23.0,LAC,SF,2.0,0.0,12.0,3.0,4.0,0.75,2.0,3.0,0.667,1.0,1.0,1.0,1.0,2.0,2.0,1.0,0.0,1.0,1.0,0.0,0.0,0.0,1.0,2.0,10.0,0.0,,baldwpa01
477.0,Johni Broome,23.0,Philadelphia 76ers,C,9.0,0.0,43.0,4.0,20.0,0.2,0.0,3.0,0.0,4.0,17.0,0.235,0.2,2.0,4.0,0.5,6.0,7.0,13.0,4.0,2.0,0.0,2.0,5.0,10.0,0.0,,broomjo01
478.0,Joe Ingles,38.0,Minnesota Timberwolves,SF,17.0,0.0,68.0,3.0,7.0,0.429,2.0,5.0,0.4,1.0,2.0,0.5,0.571,2.0,2.0,1.0,0.0,5.0,5.0,13.0,7.0,0.0,6.0,6.0,10.0,0.0,,inglejo01
479.0,Bismack Biyombo,33.0,San Antonio Spurs,C,12.0,1.0,65.0,4.0,6.0,0.667,0.0,0.0,,4.0,6.0,0.667,0.667,1.0,2.0,0.5,2.0,5.0,7.0,3.0,3.0,1.0,3.0,10.0,9.0,0.0,,biyombi01
480.0,Curtis Jones,24.0,Denver Nuggets,SG,6.0,0.0,31.0,4.0,14.0,0.286,1.0,9.0,0.111,3.0,5.0,0.6,0.321,0.0,0.0,,1.0,4.0,5.0,3.0,0.0,0.0,1.0,3.0,9.0,0.0,,jonescu01
481.0,DeAndre Jordan,37.0,New Orleans Pelicans,C,2.0,1.0,23.0,4.0,5.0,0.8,0.0,0.0,,4.0,5.0,0.8,0.8,1.0,2.0,0.5,4.0,6.0,10.0,0.0,0.0,0.0,1.0,1.0,9.0,0.0,,jordade01
482.0,Chris Livingston,22.0,CLE,SF,3.0,0.0,17.0,4.0,7.0,0.571,0.0,3.0,0.0,4.0,4.0,1.0,0.571,1.0,1.0,1.0,0.0,3.0,3.0,1.0,1.0,0.0,0.0,4.0,9.0,0.0,,livinch01
483.0,Riley Minix,25.0,SAS,SF,3.0,0.0,8.0,4.0,6.0,0.667,1.0,3.0,0.333,3.0,3.0,1.0,0.75,0.0,0.0,,1.0,1.0,2.0,1.0,1.0,0.0,0.0,1.0,9.0,0.0,,minixri01
484.0,Brandon Clarke,29.0,Memphis Grizzlies,PF,2.0,2.0,20.0,3.0,9.0,0.333,0.0,0.0,,3.0,9.0,0.333,0.333,2.0,4.0,0.5,4.0,2.0,6.0,1.0,2.0,0.0,0.0,5.0,8.0,0.0,,clarkbr01
485.0,Pacôme Dadiet,20.0,New York Knicks,SG,18.0,0.0,57.0,2.0,9.0,0.222,0.0,5.0,0.0,2.0,4.0,0.5,0.222,4.0,4.0,1.0,1.0,10.0,11.0,8.0,2.0,0.0,0.0,3.0,8.0,0.0,,dadiepa01
486.0,Jahmai Mashack,23.0,Memphis Grizzlies,SG,8.0,0.0,48.0,3.0,10.0,0.3,2.0,6.0,0.333,1.0,4.0,0.25,0.4,0.0,0.0,,2.0,7.0,9.0,7.0,4.0,0.0,3.0,5.0,8.0,0.0,,mashaja01
487.0,Jacob Toppin,25.0,ATL,SF,5.0,0.0,17.0,4.0,6.0,0.667,0.0,0.0,,4.0,6.0,0.667,0.667,0.0,0.0,,0.0,1.0,1.0,1.0,0.0,1.0,0.0,1.0,8.0,0.0,,toppija01
488.0,Charles Bassey,25.0,Philadelphia 76ers,C,2.0,0.0,31.0,3.0,8.0,0.375,0.0,0.0,,3.0,8.0,0.375,0.375,1.0,3.0,0.333,7.0,8.0,15.0,2.0,1.0,1.0,1.0,5.0,7.0,0.0,,bassech01
489.0,Harrison Ingram,23.0,San Antonio Spurs,SF,4.0,0.0,13.0,3.0,4.0,0.75,1.0,1.0,1.0,2.0,3.0,0.667,0.875,0.0,0.0,,3.0,0.0,3.0,0.0,0.0,0.0,0.0,2.0,7.0,0.0,,ingraha01
490.0,Trey Jemison,26.0,New York Knicks,C,8.0,0.0,48.0,3.0,5.0,0.6,0.0,0.0,,3.0,5.0,0.6,0.6,1.0,1.0,1.0,7.0,7.0,14.0,2.0,0.0,2.0,4.0,7.0,7.0,0.0,,jemistr01
491.0,Cody Martin,30.0,IND,SF,4.0,0.0,55.0,2.0,10.0,0.2,0.0,5.0,0.0,2.0,5.0,0.4,0.2,3.0,6.0,0.5,1.0,13.0,14.0,2.0,4.0,2.0,4.0,5.0,7.0,0.0,,martico01
492.0,Orlando Robinson,25.0,Orlando Magic,C,4.0,1.0,25.0,3.0,5.0,0.6,1.0,2.0,0.5,2.0,3.0,0.667,0.7,0.0,0.0,,2.0,2.0,4.0,3.0,1.0,0.0,0.0,3.0,7.0,0.0,,robinor01
493.0,Hunter Sallis,22.0,PHI,SG,7.0,0.0,26.0,3.0,5.0,0.6,0.0,0.0,,3.0,5.0,0.6,0.6,1.0,2.0,0.5,0.0,1.0,1.0,4.0,0.0,1.0,5.0,2.0,7.0,0.0,,sallihu01
494.0,LJ Cryer,24.0,Golden State Warriors,PG,3.0,0.0,8.0,2.0,5.0,0.4,2.0,4.0,0.5,0.0,1.0,0.0,0.6,0.0,0.0,,0.0,1.0,1.0,0.0,0.0,0.0,0.0,1.0,6.0,0.0,,cryerlj01
495.0,Malevy Leons,26.0,Golden State Warriors,SF,5.0,0.0,21.0,2.0,6.0,0.333,0.0,2.0,0.0,2.0,4.0,0.5,0.333,2.0,2.0,1.0,2.0,7.0,9.0,1.0,1.0,1.0,2.0,1.0,6.0,0.0,,leonsma01
496.0,Kyle Lowry,39.0,Philadelphia 76ers,PG,6.0,0.0,45.0,2.0,8.0,0.25,2.0,8.0,0.25,0.0,0.0,,0.375,0.0,0.0,,0.0,3.0,3.0,7.0,1.0,0.0,2.0,3.0,6.0,0.0,,lowryky01
497.0,Wendell Moore Jr.,24.0,Detroit Pistons,SG,3.0,0.0,43.0,3.0,6.0,0.5,0.0,1.0,0.0,3.0,5.0,0.6,0.5,0.0,0.0,,1.0,3.0,4.0,3.0,2.0,1.0,1.0,1.0,6.0,0.0,,moorewe01
498.0,Drew Peterson,26.0,CHO,PF,6.0,0.0,64.0,2.0,16.0,0.125,0.0,12.0,0.0,2.0,4.0,0.5,0.125,1.0,2.0,0.5,3.0,6.0,9.0,2.0,3.0,1.0,0.0,3.0,5.0,0.0,,peterdr01
499.0,Dario Saric,31.0,Sacramento Kings,C,5.0,0.0,41.0,1.0,6.0,0.167,1.0,3.0,0.333,0.0,3.0,0.0,0.25,2.0,2.0,1.0,1.0,5.0,6.0,2.0,0.0,0.0,2.0,3.0,5.0,0.0,,saricda01
500.0,Isaac Jones,25.0,Detroit Pistons,PF,4.0,1.0,18.0,2.0,4.0,0.5,0.0,2.0,0.0,2.0,2.0,1.0,0.5,1.0,2.0,0.5,2.0,0.0,2.0,1.0,0.0,0.0,0.0,4.0,5.0,0.0,,jonesis01
500.0,Isaac Jones,25.0,Detroit Pistons,PF,3.0,1.0,17.0,1.0,2.0,0.5,0.0,1.0,0.0,1.0,1.0,1.0,0.5,1.0,2.0,0.5,2.0,0.0,2.0,1.0,0.0,0.0,0.0,4.0,3.0,0.0,,jonesis01
500.0,Isaac Jones,25.0,Detroit Pistons,PF,1.0,0.0,1.0,1.0,2.0,0.5,0.0,1.0,0.0,1.0,1.0,1.0,0.5,0.0,0.0,,0.0,0.0,0.0,0.0,0.0,0.0,0.0,0.0,2.0,0.0,,jonesis01
501.0,Koby Brea,23.0,Phoenix Suns,SG,2.0,0.0,8.0,1.0,3.0,0.333,0.0,2.0,0.0,1.0,1.0,1.0,0.333,2.0,2.0,1.0,0.0,1.0,1.0,2.0,0.0,0.0,0.0,0.0,4.0,0.0,,breako01
502.0,Tristan Enaruna,24.0,Cleveland Cavaliers,SF,2.0,0.0,10.0,2.0,3.0,0.667,0.0,0.0,,2.0,3.0,0.667,0.667,0.0,0.0,,5.0,0.0,5.0,2.0,0.0,0.0,0.0,0.0,4.0,0.0,,enarutr01
503.0,Trentyn Flowers,20.0,CHI,SF,2.0,0.0,6.0,2.0,3.0,0.667,0.0,1.0,0.0,2.0,2.0,1.0,0.667,0.0,0.0,,1.0,0.0,1.0,1.0,0.0,0.0,1.0,1.0,4.0,0.0,,flowetr01
504.0,Vladislav Goldin,24.0,Miami Heat,C,2.0,0.0,8.0,2.0,2.0,1.0,0.0,0.0,,2.0,2.0,1.0,1.0,0.0,0.0,,0.0,1.0,1.0,2.0,0.0,1.0,0.0,3.0,4.0,0.0,,goldivl01
505.0,Daeqwon Plowden,27.0,Sacramento Kings,SG,3.0,0.0,46.0,2.0,11.0,0.182,0.0,8.0,0.0,2.0,3.0,0.667,0.182,0.0,0.0,,3.0,5.0,8.0,1.0,0.0,1.0,0.0,1.0,4.0,0.0,,plowdda01
506.0,Isaiah Stevens,25.0,Sacramento Kings,PG,2.0,0.0,23.0,0.0,2.0,0.0,0.0,0.0,,0.0,2.0,0.0,0.0,4.0,4.0,1.0,1.0,1.0,2.0,6.0,3.0,0.0,0.0,1.0,4.0,0.0,,steveis01
507.0,Garrett Temple,39.0,Toronto Raptors,SG,13.0,0.0,36.0,1.0,7.0,0.143,1.0,5.0,0.2,0.0,2.0,0.0,0.214,1.0,2.0,0.5,0.0,4.0,4.0,4.0,3.0,1.0,3.0,3.0,4.0,0.0,,templga01
508.0,N'Faly Dante,24.0,Atlanta Hawks,C,4.0,0.0,15.0,1.0,4.0,0.25,0.0,0.0,,1.0,4.0,0.25,0.25,1.0,1.0,1.0,3.0,4.0,7.0,0.0,2.0,0.0,1.0,1.0,3.0,0.0,,nfalyda01
509.0,Dillon Jones,24.0,New York Knicks,SF,3.0,0.0,14.0,1.0,3.0,0.333,1.0,2.0,0.5,0.0,1.0,0.0,0.5,0.0,0.0,,1.0,2.0,3.0,1.0,1.0,0.0,0.0,2.0,3.0,0.0,,jonesdi01
510.0,Isaiah Crawford,24.0,Houston Rockets,SF,4.0,0.0,12.0,1.0,3.0,0.333,0.0,2.0,0.0,1.0,1.0,1.0,0.333,0.0,0.0,,0.0,1.0,1.0,0.0,0.0,2.0,0.0,0.0,2.0,0.0,,crawfis01
511.0,Hunter Dickinson,25.0,New Orleans Pelicans,C,1.0,0.0,5.0,1.0,2.0,0.5,0.0,0.0,,1.0,2.0,0.5,0.5,0.0,0.0,,0.0,0.0,0.0,0.0,0.0,1.0,2.0,2.0,2.0,0.0,,dickihu01
512.0,Colby Jones,23.0,DET,SG,1.0,0.0,7.0,1.0,3.0,0.333,0.0,2.0,0.0,1.0,1.0,1.0,0.333,0.0,0.0,,0.0,4.0,4.0,2.0,0.0,0.0,0.0,1.0,2.0,0.0,,jonesco02
513.0,Oscar Tshiebwe,26.0,Utah Jazz,C,1.0,0.0,15.0,1.0,4.0,0.25,0.0,0.0,,1.0,4.0,0.25,0.25,0.0,1.0,0.0,2.0,4.0,6.0,1.0,1.0,0.0,0.0,2.0,2.0,0.0,,tshieos01
514.0,Jahmyl Telfort,24.0,LAC,PF,8.0,0.0,32.0,0.0,4.0,0.0,0.0,4.0,0.0,0.0,0.0,,0.0,1.0,4.0,0.25,0.0,3.0,3.0,1.0,1.0,0.0,1.0,5.0,1.0,0.0,,telfoja01
515.0,Mo Bamba,27.0,TOR,C,2.0,0.0,6.0,0.0,2.0,0.0,0.0,0.0,,0.0,2.0,0.0,0.0,0.0,0.0,,1.0,1.0,2.0,0.0,0.0,1.0,0.0,2.0,0.0,0.0,,bambamo01
516.0,Noa Essengue,19.0,Chicago Bulls,PF,2.0,0.0,6.0,0.0,3.0,0.0,0.0,2.0,0.0,0.0,1.0,0.0,0.0,0.0,0.0,,0.0,0.0,0.0,0.0,1.0,0.0,0.0,1.0,0.0,0.0,,essenno01
517.0,Tosan Evbuomwan,24.0,NYK,SF,5.0,0.0,8.0,0.0,1.0,0.0,0.0,0.0,,0.0,1.0,0.0,0.0,0.0,0.0,,1.0,1.0,2.0,0.0,0.0,0.0,0.0,1.0,0.0,0.0,,evbuoto01
518.0,Chucky Hepburn,22.0,Toronto Raptors,PG,2.0,0.0,13.0,0.0,6.0,0.0,0.0,5.0,0.0,0.0,1.0,0.0,0.0,0.0,0.0,,0.0,1.0,1.0,2.0,1.0,0.0,1.0,2.0,0.0,0.0,,hepbuch01
519.0,Chris Mañon,24.0,Los Angeles Lakers,SG,4.0,0.0,14.0,0.0,1.0,0.0,0.0,1.0,0.0,0.0,0.0,,0.0,0.0,0.0,,1.0,2.0,3.0,0.0,1.0,2.0,0.0,3.0,0.0,0.0,,manonch01
520.0,Max Shulga,23.0,Boston Celtics,SG,1.0,0.0,2.0,0.0,1.0,0.0,0.0,0.0,,0.0,1.0,0.0,0.0,0.0,0.0,,0.0,0.0,0.0,0.0,0.0,0.0,0.0,0.0,0.0,0.0,,shulgma01
521.0,Stanley Umude,26.0,San Antonio Spurs,SG,1.0,0.0,2.0,0.0,0.0,,0.0,0.0,,0.0,0.0,,,0.0,0.0,,0.0,0.0,0.0,0.0,0.0,0.0,0.0,1.0,0.0,0.0,,umudest01
,League Average,,,,,,,,,0.469,,,0.359,,,0.546,0.543,,,0.784,,,,,,,,,,,,-9999
